barcode,grossPrice,hsn,mrp,productId,productName,rate,salePrice,stock,tax
8.90E+12,ý384.17,406,ý429.00,17707,Amul A+ Cheese Slices 20slices*20gm,ý343.01,ý420.00,1,12
8.90E+12,ý20.61,21050000,ý25.00,12130,Amul Afghan Dry Fruti 100ml,ý17.47,ý22.00,1,18
855,ý118.00,21050000,ý1.00,16397,Amul Afghan Dry Fruti 405ml,ý100.00,ý1.00,1,18
8.90E+12,ý29.15,1806,ý35.00,14617,Amul Almond Bar 35gm,ý24.71,ý35.00,1,18
8.90E+12,ý184.00,1806,ý230.00,11459,Amul Almondo Tub 200gm,ý155.93,ý210.00,1,18
8.90E+12,ý20.61,21050000,ý25.00,13401,Amul American Nuts 100ml,ý17.47,ý25.00,1,18
8.90E+12,ý88.54,402,ý95.00,11457,Amul Amulya Dairy Whitener 200gms,ý84.32,ý93.00,1,5
8.90E+12,ý9.25,402,ý10.00,13904,Amul Amulya Dairy Whitener 21gms,ý8.81,ý10.00,1,5
8.90E+12,ý219.02,402,ý235.00,11458,Amul Amulya Dairy Whitener 500gms,ý208.59,ý230.00,1,5
8.90E+12,ý206.40,1101,ý240.00,13582,Amul Atta 5kg,ý196.57,ý220.00,1,5
8.90E+12,ý207.00,2106,ý230.00,18041,Amul Avsar Kaju Katri 200gm,ý197.14,ý225.00,1,5
8.90E+12,ý175.50,2106,ý195.00,15313,Amul Avsar Kaju Katri 250gm,ý167.14,ý187.00,1,5
8.90E+12,ý391.50,2106,ý435.00,260,Amul Avsar Kaju Katri 500gm,ý372.86,ý399.00,1,5
8.90E+12,ý127.99,1806,ý160.00,16343,Amul Belgian Chocolate 125gm,ý108.47,ý144.00,1,18
8.90E+12,ý4.16,1806,ý5.00,17577,Amul Bindaaz Wafer 12gm,ý3.53,ý5.00,1,18
8.90E+12,ý50.00,2202,ý100.00,17934,Amul Brazilizn Vanilla Coffee 280ml,ý44.64,ý90.00,1,12
8.90E+12,ý72.25,1905,ý85.00,15375,Amul Butter Cookies 200gm,ý61.23,ý79.00,1,18
8.90E+12,ý106.60,1905,ý130.00,14437,Amul Butter Cookies 300gms,ý90.34,ý118.00,1,18
8.90E+12,ý9.68,1905,ý11.00,15494,Amul Butter Cookies 32gm,ý8.20,ý11.00,1,18
8.90E+12,ý13.20,1905,ý15.00,15661,Amul Butter Cookies 40gms,ý11.19,ý14.00,1,18
8.90E+12,ý14.08,1905,ý16.00,12575,Amul Butter Cookies 50gms,ý11.93,ý15.00,1,18
8.90E+12,ý17.61,1905,ý20.00,15376,Amul Butter Cookies Jeera 50gm,ý14.92,ý19.00,1,18
8.90E+12,ý22.00,1905,ý25.00,12576,Amul Butter Cookies Nuts & Raisin 50gms,ý18.64,ý24.00,1,18
8.90E+12,ý17.61,1905,ý20.00,12577,Amul Butter Cookies Oats & Honey 50gms,ý14.92,ý18.00,1,18
8.91E+12,ý10.00,403,ý10.00,13782,Amul Butter Milk 330ml,ý10.00,ý10.00,1,0
8.90E+12,ý10.00,403,ý10.00,16710,Amul Butter Milk 330ml,ý10.00,ý10.00,1,0
8.90E+12,ý10.00,403,ý15.00,17906,Amul Butter Milk 460ml,ý10.00,ý15.00,1,0
8.90E+12,ý38.70,1905,ý45.00,14527,Amul Butter Toast 200gm,ý36.86,ý42.00,1,5
8.90E+12,ý36.45,1905,ý45.00,13768,Amul Butter Toast Elaichi 200gm,ý34.71,ý40.00,1,5
8.90E+12,ý17.70,21050000,ý20.00,13400,Amul Butterscotch 100ml,ý15.00,ý20.00,1,18
8.90E+12,ý509.49,406,ý555.00,291,Amul Cheese Block 1kg,ý454.90,ý547.00,1,12
8.90E+12,ý119.34,406,ý130.00,14933,Amul Cheese Block 200gm,ý106.55,ý126.00,1,12
8.90E+12,ý275.40,406,ý300.00,14622,Amul Cheese Block 500gm,ý245.89,ý292.00,1,12
8.90E+12,ý22.00,1905,ý25.00,15057,Amul Cheese Butter Cookies 50gms,ý18.64,ý24.00,1,18
8.90E+12,ý22.00,1905,ý25.00,14625,Amul Cheese Cookies 50gms,ý18.64,ý24.00,1,18
8.90E+12,ý100.98,406,ý110.00,15889,Amul Cheese Garlic Spread 200gm,ý90.16,ý107.00,1,12
8.90E+12,ý90.00,406,ý100.00,17399,Amul Cheese Sauce Green Chutney 200gm,ý80.36,ý96.00,1,12
8.90E+12,ý90.00,406,ý100.00,18153,Amul Cheese Sauce Jalapeno Chutney 200gm,ý80.36,ý96.00,1,12
8.90E+12,ý90.00,406,ý100.00,18255,Amul Cheese Sauce Mexican Salsa 200gm,ý80.36,ý96.00,1,12
8.90E+12,ý90.00,406,ý100.00,17400,Amul Cheese Sauce Pizza 200gm,ý80.36,ý96.00,1,12
44444,ý8.08,406,ý10.00,17622,Amul Cheese Slices 15gm,ý7.21,ý10.00,1,12
SLICE,ý9.86,406,ý10.00,18191,Amul Cheese Slices 1Nos,ý8.80,ý10.00,1,12
8.90E+12,ý133.11,406,ý145.00,302,Amul Cheese Slices 200gm,ý118.85,ý140.00,1,12
3.87E+15,ý14.69,406,ý16.00,13712,Amul Cheese Slices 20gm,ý13.11,ý16.00,1,12
8.90E+12,ý78.03,406,ý85.00,15055,Amul Cheese Slices 20gm*5,ý69.67,ý82.00,1,12
8.90E+12,ý403.92,406,ý440.00,14981,Amul Cheese Slices 750gm,ý360.64,ý420.00,1,12
8.90E+12,ý403.92,406,ý440.00,15035,Amul Cheese Slices 750gm,ý360.64,ý425.00,1,12
8.90E+12,ý100.98,406,ý110.00,15037,Amul Cheese Spread 200gm,ý90.16,ý107.00,1,12
8.90E+12,ý183.60,406,ý200.00,15036,Amul Cheese Spread 400gm,ý163.93,ý193.00,1,12
8.90E+12,ý100.98,406,ý110.00,17469,Amul Cheese Spread Punchy Paper 200gm,ý90.16,ý107.00,1,12
856,ý118.00,21050000,ý1.00,16398,Amul Choco Chips 405ml,ý100.00,ý1.00,1,18
8.90E+12,ý31.50,2105,ý45.00,15486,Amul Choco Chips Gold 125ml,ý26.70,ý45.00,1,18
8.90E+12,ý136.00,1806,ý170.00,18562,Amul Choco Cracker Chocolate 150gm,ý115.25,ý160.00,1,18
8.90E+12,ý4.46,1806,ý5.00,15495,Amul Choco Poco 10gm,ý3.78,ý5.00,1,18
8.90E+12,ý9.00,21050000,ý10.00,13766,Amul Chocobar Probiotic Candy 30ml,ý7.63,ý10.00,1,18
8.90E+12,ý16.50,21050000,ý20.00,15491,Amul Chocobar Probiotic Candy 60ml,ý13.98,ý20.00,1,18
8.90E+12,ý28.87,2105,ý35.00,15487,Amul Chocolate Brownie 125ml,ý24.47,ý35.00,1,18
8.90E+12,ý76.50,1905,ý90.00,15496,Amul Chocolate Cookies 200gm,ý64.83,ý85.00,1,18
8.90E+12,ý116.01,1905,ý145.00,14438,Amul Chocolate Cookies 300gms,ý98.31,ý134.00,1,18
8.90E+12,ý22.00,1905,ý25.00,12574,Amul Chocolate Cookies 50gms,ý18.64,ý25.00,1,18
8.90E+12,ý56.00,1806,ý70.00,18431,Amul Chocolate Syrup 250gm,ý47.46,ý68.00,1,18
8.90E+12,ý125.02,1806,ý140.00,317,Amul Chocominis 250gm Tub,ý105.95,ý135.00,1,18
8.90E+12,ý116.62,1806,ý140.00,17515,Amul Chocozoo 250gm Tub,ý98.83,ý130.00,1,18
8.90E+12,ý13.39,1806,ý15.00,319,Amul Chocozoo Chocolate 27gm,ý11.35,ý14.00,1,18
8.90E+12,ý17.61,1905,ý20.00,14055,Amul Coconut Cookies 50gms,ý14.92,ý19.00,1,18
8.90E+12,ý50.00,2202,ý100.00,17935,Amul Columbian Arabica Coffee 280ml,ý44.64,ý90.00,1,12
8.90E+12,ý129.01,405,ý141.00,13903,Amul Cow Ghee 200ml,ý115.19,ý138.00,1,12
8.90E+12,ý306.52,405,ý335.00,14008,Amul Cow Ghee 500ml,ý273.68,ý325.00,1,12
8.90E+12,ý638.40,405,ý665.00,17393,Amul Cow Ghee Tin 1ltr,ý570.00,ý650.00,1,12
8.90E+12,ý85.00,406,ý100.00,16565,Amul Cream Cheese 200ml,ý75.89,ý95.00,1,12
8.90E+12,ý50.00,403,ý50.00,18014,Amul Dahi 850gm,ý50.00,ý50.00,1,0
8.90E+12,ý20.83,1806,ý55.00,14619,Amul Dark Chocolate 40gm,ý17.65,ý52.00,1,18
8.90E+12,ý141.61,1806,ý170.00,16787,Amul Dark Chocolate Pack 125gm,ý120.01,ý160.00,1,18
8.90E+12,ý160.00,1806,ý200.00,328,Amul Dark Chocolate Pack 150gm,ý135.59,ý190.00,1,18
8.90E+12,ý184.00,1806,ý230.00,17946,Amul Dark Emerald Tub 250gm,ý155.93,ý210.00,1,18
8.90E+12,ý33.00,2105,ý40.00,15240,Amul Dark Frostik 70ml,ý27.97,ý40.00,1,18
8.90E+12,ý7.50,1806,ý10.00,14533,Amul Dark Passion 15gm,ý6.36,ý10.00,1,18
8.90E+12,ý160.00,1806,ý200.00,14056,Amul Dark Passion Tub 300gm,ý135.59,ý170.00,1,18
8.90E+12,ý111.50,406,ý125.00,14057,Amul Diced Mozzarella Cheese 200gm,ý99.55,ý120.00,1,12
8.90E+12,ý12.38,2105,ý15.00,15489,Amul Duetz Mango 50gm,ý10.49,ý15.00,1,18
8.90E+12,ý12.38,2105,ý15.00,15490,Amul Duetz Raspberry 50gm,ý10.49,ý15.00,1,18
8.90E+12,ý205.00,406,ý220.00,17481,Amul Fream Cheese 1ltr,ý183.04,ý214.00,1,12
151515,ý204.60,401,ý220.00,17494,Amul Fresh Cream 1ltr,ý204.60,ý215.00,1,0
8.90E+12,ý63.24,401,ý68.00,342,Amul Fresh Cream 250ml,ý63.24,ý66.00,1,0
8.90E+12,ý40.14,406,ý45.00,451,Amul Fresh Paneer 100gm,ý38.23,ý43.00,1,5
8.90E+12,ý80.00,406,ý88.00,422,Amul Fresh Paneer 200gm,ý76.19,ý86.00,1,5
8.90E+12,ý29.00,21050000,ý35.00,13759,Amul Frostik Candy Candy 70ml - 60gm,ý24.58,ý35.00,1,18
8.90E+12,ý28.87,2105,ý35.00,15488,Amul Fruit N Nut Chocolate 125gm,ý24.47,ý35.00,1,18
8.90E+12,ý160.00,1806,ý200.00,14206,Amul Fruit N Nut Chocolate 150gms,ý135.59,ý190.00,1,18
8.90E+12,ý160.00,1806,ý200.00,18552,Amul Fruit N Nut Chocolate 150gms,ý135.59,ý190.00,1,18
8.90E+12,ý41.65,2105,ý50.00,15890,Amul Fruit N Nut Chocolate 40gm,ý35.30,ý48.00,1,18
8.90E+12,ý315.00,4059020,ý335.00,13716,Amul Gay Ghee 500ml,ý281.25,ý330.00,1,12
8.90E+12,ý63.00,401,ý66.00,13781,Amul Gold Milk 1ltr,ý63.00,ý65.00,1,0
8.90E+12,ý32.50,401,ý33.00,13780,Amul Gold Milk 500ml,ý32.50,ý32.50,1,0
8.90E+12,ý110.50,2106,ý130.00,358,Amul Gulab Jamun 500gm,ý105.24,ý117.00,1,5
8.90E+12,ý78.38,2004,ý95.00,18409,Amul Happy Treats Aloo Tikki 400gm,ý69.98,ý95.00,1,12
8.90E+12,ý288.75,2004,ý350.00,16476,Amul Happy Treats F Fries 2.25kg,ý257.81,ý330.00,1,12
8.90E+12,ý37.13,2004,ý45.00,18181,Amul Happy Treats French Fries 200gm,ý33.15,ý45.00,1,12
8.90E+12,ý74.24,2004,ý90.00,18180,Amul Happy Treats French Fries 425gm,ý66.29,ý88.00,1,12
8.90E+12,ý99.00,2004,ý120.00,18410,Amul Happy Treats Happyz 400gm,ý88.39,ý120.00,1,12
8.90E+12,ý86.00,1901,ý100.00,17578,Amul Honry 250gm,ý81.90,ý97.00,1,5
778,ý206.25,2105,ý250.00,16461,Amul IC Combo AL Mango 750ml,ý174.79,ý125.00,1,18
777,ý264.00,2105,ý320.00,16460,Amul IC Combo Afghan DF 750ml,ý223.73,ý160.00,1,18
779,ý222.75,2105,ý270.00,16462,Amul IC Combo B Scotch 750ml,ý188.77,ý135.00,1,18
780,ý214.50,2105,ý260.00,16463,Amul IC Combo Chocolate 750ml,ý181.78,ý130.00,1,18
781,ý239.25,2105,ý290.00,16464,Amul IC Combo Chocolate Chips 750ml,ý202.75,ý145.00,1,18
782,ý313.50,2105,ý380.00,16465,Amul IC Combo Raj Bhog 750ml,ý265.68,ý190.00,1,18
8.90E+12,ý189.76,2105,ý230.00,16008,Amul IC Combo Vanilla 750ml,ý160.81,ý115.00,1,18
8.90E+12,ý8.25,2105,ý10.00,16007,Amul IC Fundoo Mango Dolly 45ml,ý6.99,ý10.00,1,18
649258,ý12.38,2105,ý15.00,16702,Amul IC Fundoo Ras. Dolly 45ml,ý10.49,ý15.00,1,18
8.90E+12,ý20.63,2105,ý25.00,16009,Amul IC Mava Malai Kulfi 60ml,ý17.48,ý25.00,1,18
festival,ý323.76,2105,ý350.00,17971,Amul Ic Fp Shahi Mewa Khazana 750ml,ý274.37,ý350.00,1,18
8.90E+12,ý4.50,21050000,ý5.00,13767,Amul Ice Licky Orange Flower 50ml,ý3.81,ý5.00,1,18
8.90E+12,ý68.50,1806,ý160.00,11471,Amul India Origin Milk Chocolate 40gm,ý58.05,ý120.00,1,18
8.90E+12,ý68.50,1806,ý160.00,370,Amul India Twilight Tryst Origin Dark Chocolate 125gm,ý58.05,ý72.00,1,18
8.90E+12,ý68.50,1806,ý160.00,11578,Amul India Twilight Tryst Origin Milk Chocolate 125gm,ý58.05,ý130.00,1,18
8.90E+12,ý50.00,2202,ý100.00,17937,Amul Indian Arabica Coffee 280ml,ý44.64,ý90.00,1,12
8.90E+12,ý22.25,402,ý25.00,16344,Amul Kadhai Milk 180ml,ý21.19,ý25.00,1,5
8.90E+12,ý24.75,21050000,ý30.00,13385,Amul Kaju Drakesh 100ml,ý20.97,ý30.00,1,18
8.90E+13,ý16.50,2105,ý20.00,16554,Amul Kashmiri Kulfi 40ml,ý13.98,ý20.00,1,18
8.90E+12,ý22.25,2202,ý25.00,14058,Amul Kool Badam Flavoured Milk 180ml,ý19.87,ý25.00,1,12
8.90E+12,ý26.70,2202,ý30.00,16345,Amul Kool Cafe 200ml,ý23.84,ý30.00,1,12
8.90E+12,ý31.15,2202,ý35.00,376,Amul Kool Cafe Can 200ml,ý27.81,ý35.00,1,12
8.90E+12,ý22.25,2202,ý25.00,383,Amul Kool Elaichi Flavoured Milk 180ml,ý19.87,ý25.00,1,12
8.90E+12,ý22.25,2202,ý25.00,386,Amul Kool Kesar Flavoured Milk 180ml,ý19.87,ý25.00,1,12
8.90E+12,ý31.15,2202,ý35.00,387,Amul Kool Koko 200ml Can,ý27.81,ý35.00,1,12
8.90E+12,ý22.25,2202,ý25.00,15056,Amul Kool Rose Flavoured Milk 180ml,ý19.87,ý25.00,1,12
8.90E+12,ý43.29,40390,ý90.00,14620,Amul Lassi 1ltr,ý41.23,ý90.00,1,5
8.90E+12,ý18.00,40390,ý20.00,16549,Amul Lassi 200ml,ý17.14,ý20.00,1,5
8.90E+12,ý22.99,40390,ý25.00,14511,Amul Lassi 250ml,ý21.90,ý25.00,1,5
8.90E+12,ý8.80,1905,ý10.00,14932,Amul Makhaniya Snakes 40gm,ý7.46,ý10.00,1,18
8.90E+12,ý93.50,2106,ý110.00,11478,Amul Malai Peda 200gm,ý89.05,ý99.00,1,5
8.90E+12,ý224.00,1806,ý280.00,15892,Amul Marzipan 200gm,ý189.83,ý265.00,1,18
8.90E+12,ý75.00,403,ý75.00,13921,Amul Masti Dahi 1kg,ý75.00,ý75.00,1,0
8.90E+12,ý20.00,403,ý23.00,13803,Amul Masti Dahi 200gm,ý20.00,ý23.00,1,0
8.90E+12,ý34.00,403,ý35.00,14098,Amul Masti Dahi 400gm,ý34.00,ý35.00,1,0
8.90E+12,ý10.00,403,ý10.00,13783,Amul Masti Dahi 85gm,ý10.00,ý10.00,1,0
8.90E+12,ý13.50,403,ý15.00,435,Amul Masti Spiced Butter Milk 200ml,ý12.86,ý15.00,1,5
8.90E+12,ý119.99,1806,ý150.00,14621,Amul Milk Chocolate 150gm,ý101.69,ý140.00,1,18
8.90E+12,ý16.66,1806,ý20.00,17401,Amul Milk Chocolate 20gm,ý14.12,ý20.00,1,18
8.90E+12,ý20.83,1806,ý25.00,511,Amul Milk Chocolate 40gm,ý17.65,ý22.00,1,18
8.90E+11,ý16.66,1806,ý20.00,16751,Amul Milk Chocolate 40gm,ý14.12,ý20.00,1,18
8.90E+12,ý26.70,2202,ý30.00,16342,Amul Milk Shake Banana 200ml,ý23.84,ý30.00,1,12
8.90E+12,ý37.51,2202,ý40.00,14907,Amul Milk Shake Double Chocolate 200ml,ý31.79,ý40.00,1,18
8.90E+12,ý60.06,402,ý66.00,443,Amul Mithai Mate 200gm,ý53.63,ý64.00,1,12
8.90E+12,ý114.66,402,ý126.00,444,Amul Mithai Mate 400gm,ý102.38,ý121.00,1,12
8.90E+12,ý50.00,2202,ý100.00,17938,Amul Nicaraguan Coffee 280ml,ý44.64,ý90.00,1,12
8.90E+12,ý80.00,2202,ý100.00,11460,Amul Nicaraguan Coffee Latte 280ml,ý71.43,ý84.00,1,12
8.90E+12,ý61.60,1106,ý70.00,11464,Amul Organic Besan 1kg,ý58.67,ý65.00,1,5
8.90E+12,ý61.60,713,ý70.00,11465,Amul Organic Chana Dal 500gm,ý58.67,ý65.00,1,5
8.90E+12,ý193.60,713,ý220.00,11467,Amul Organic Kabuli Chana 1kg,ý184.38,ý204.00,1,5
8.90E+12,ý96.80,713,ý110.00,11466,Amul Organic Kabuli Chana 500gm,ý92.19,ý100.00,1,5
8.90E+12,ý79.20,713,ý90.00,11468,Amul Organic Masoor Dal 500gm,ý75.43,ý84.00,1,5
8.90E+12,ý110.00,713,ý125.00,11469,Amul Organic Rajma Chitra 500gm,ý104.76,ý116.00,1,5
8.90E+12,ý79.20,713,ý90.00,11470,Amul Organic Toor Dal 500gm,ý75.43,ý84.00,1,5
8.90E+12,ý51.00,1101,ý60.00,11462,Amul Organic Whole Wheat Atta 1kg,ý48.57,ý54.00,1,5
8.90E+12,ý42.82,406,ý48.00,13769,Amul Paneer 100gm,ý40.78,ý46.00,1,5
8.90E+12,ý78.50,406,ý95.00,13770,Amul Paneer 200gm,ý74.76,ý92.00,1,5
8.90E+12,ý111.75,405,ý122.00,272,Amul Pasteurised Butter 200gm,ý99.78,ý118.00,1,12
8.90E+12,ý10.08,405,ý15.00,13711,Amul Pasteurised Butter 20gm,ý9.00,ý15.00,1,12
8.90E+12,ý27.48,405,ý30.00,16696,Amul Pasteurised Butter 50gm,ý24.54,ý30.00,1,12
8.90E+12,ý96.00,2008,ý120.00,11475,Amul Peanut Spread Creamy 300gm,ý85.71,ý110.00,1,12
8.90E+12,ý280.00,2008,ý350.00,11474,Amul Peanut Spread Creamy 900gms,ý250.00,ý294.00,1,12
8.90E+12,ý96.00,2008,ý120.00,11477,Amul Peanut Spread Crunchy 300gm,ý85.71,ý115.00,1,12
8.90E+12,ý280.00,2008,ý350.00,11476,Amul Peanut Spread Crunchy 900gms,ý250.00,ý294.00,1,12
8.90E+12,ý119.34,406,ý130.00,16550,Amul Pizza Cheese 200gm,ý106.55,ý126.00,1,12
8.90E+12,ý26.70,2202,ý30.00,15821,Amul Pro Chocolate Flavour 200ml,ý23.84,ý30.00,1,12
8.90E+12,ý154.80,1901,ý180.00,11473,Amul Pro Chocolate Flavoured 500gms,ý131.19,ý175.00,1,18
8.90E+12,ý17.20,1901,ý20.00,466,Amul Pro Chocolate Flavoured 50gm,ý14.58,ý20.00,1,18
8.90E+12,ý54.96,405,ý60.00,11455,Amul Pure Butter 100gm,ý49.07,ý58.00,1,12
8.90E+12,ý270.22,405,ý295.00,13072,Amul Pure Butter 500gm,ý241.27,ý290.00,1,12
8.90E+12,ý123.93,406,ý135.00,11456,Amul Pure Cheese Block 200gms,ý110.65,ý130.00,1,12
8.90E+12,ý123.93,406,ý135.00,14618,Amul Pure Cheese Chiplet 200gm (25*8),ý110.65,ý131.00,1,12
8.90E+12,ý14.00,406,ý17.00,295,Amul Pure Cheese Chiplet 25gm,ý12.50,ý17.00,1,12
8.90E+12,ý594.75,405,ý650.00,323,Amul Pure Cow Ghee 1ltr,ý531.03,ý625.00,1,12
8.90E+12,ý297.37,405,ý325.00,13580,Amul Pure Cow Ghee 500ml,ý265.51,ý320.00,1,12
49528,ý608.47,405,ý665.00,16917,Amul Pure Cow Ghee Tin1ltr,ý543.28,ý640.00,1,12
8.90E+12,ý585.91,406,ý620.00,15891,Amul Pure Ghee 1kg,ý523.13,ý600.00,1,12
8.90E+12,ý126.27,406,ý138.00,14156,Amul Pure Ghee 200gm,ý112.74,ý135.00,1,12
8.90E+12,ý126.27,405,ý138.00,14207,Amul Pure Ghee 200ml,ý112.74,ý135.00,1,12
8.90E+12,ý18.10,405,ý20.00,14623,Amul Pure Ghee 29ml,ý16.16,ý20.00,1,12
8.90E+12,ý296.73,405,ý314.00,13715,Amul Pure Ghee 500ml,ý264.94,ý307.00,1,12
8.90E+12,ý296.73,405,ý330.00,18492,Amul Pure Ghee 500ml,ý264.94,ý325.00,1,12
5ltr,"ý2,957.85",405,"ý3,130.00",17936,Amul Pure Ghee 5ltr,"ý2,640.94","ý3,030.00",1,12
8.90E+12,ý310.00,405,ý330.00,14545,Amul Pure Ghee Jar 500ml,ý276.79,ý320.00,1,12
8.90E+12,ý585.91,405,ý620.00,348,Amul Pure Ghee Pouch 1ltr,ý523.13,ý610.00,1,12
8.90E+12,ý296.73,405,ý314.00,478,Amul Pure Ghee Pouch 500ml,ý264.94,ý310.00,1,12
8.90E+12,ý600.08,405,ý635.00,349,Amul Pure Ghee Tin 1ltr,ý535.78,ý620.00,1,12
8.90E+12,ý620.00,405,ý650.00,14869,Amul Pure Ghee Tin 1ltr,ý553.57,ý635.00,1,12
8.90E+12,ý33.00,21050000,ý40.00,13710,Amul Rajbhog 125ml,ý27.97,ý40.00,1,18
8.90E+12,ý9.01,2105,ý10.00,16553,Amul Rajwadi Kulfi 40ml,ý7.63,ý10.00,1,18
8.90E+12,ý166.60,1806,ý200.00,17579,Amul Rejoice 180gm,ý141.19,ý185.00,1,18
8.90E+12,ý97.75,2106,ý115.00,11472,Amul Rosogolla 500gm,ý93.10,ý103.00,1,5
8.90E+12,ý54.96,405,ý60.00,17470,Amul Safed Makkhan 100gm,ý49.07,ý59.00,1,12
8.90E+12,ý585.90,405,ý620.00,11453,Amul Sagar Pure Ghee Pouch 1ltr,ý523.13,ý615.00,1,12
8.90E+12,ý296.73,405,ý314.00,11452,Amul Sagar Pure Ghee Pouch 500ml,ý264.94,ý310.00,1,12
8.90E+12,ý600.08,405,ý635.00,11454,Amul Sagar Pure Ghee Tin 1ltr,ý535.79,ý620.00,1,12
8.90E+12,"ý1,185.98",405,"ý1,255.00",16536,Amul Sagar Pure Ghee Tin 2ltr,"ý1,058.91","ý1,230.00",1,12
8.90E+12,ý27.50,401,ý30.00,13815,Amul Shaklti Milk 500gm,ý27.50,ý30.00,1,0
8.90E+12,ý46.41,403,ý52.00,17398,Amul Shrikhand Amrakhand 200gm,ý44.20,ý51.00,1,5
8.90E+12,ý102.64,403,ý115.00,15885,Amul Shrikhand Amrakhand 500gm,ý97.75,ý110.00,1,5
8.90E+12,ý50.87,403,ý57.00,15541,Amul Shrikhand Badam Pista 200gm,ý48.45,ý54.00,1,5
8.90E+12,ý116.03,403,ý130.00,11482,Amul Shrikhand Badam Pista 500gm,ý110.50,ý122.00,1,5
8.90E+12,ý48.20,403,ý54.00,15542,Amul Shrikhand De Lite Butterscotch 200gm,ý45.90,ý51.00,1,5
8.90E+12,ý107.10,403,ý120.00,14812,Amul Shrikhand De Lite Butterscotch 500gm,ý102.00,ý115.00,1,5
8.90E+12,ý50.87,403,ý57.00,14814,Amul Shrikhand De Lite Rajbhog 200gm,ý48.45,ý55.00,1,5
8.90E+12,ý116.03,403,ý130.00,14813,Amul Shrikhand De Lite Rajbhog 500gm,ý110.50,ý124.00,1,5
8.90E+12,ý116.03,403,ý130.00,13851,Amul Shrikhand Delite Rajbhog 500gm,ý110.50,ý122.00,1,5
8.90E+12,ý46.41,403,ý52.00,14811,Amul Shrikhand Elaichi 200gm,ý44.20,ý50.00,1,5
8.90E+12,ý102.64,403,ý115.00,11480,Amul Shrikhand Elaichi 500gm,ý97.75,ý108.00,1,5
8.90E+12,ý116.03,403,ý130.00,11481,Amul Shrikhand Kesar 500gm,ý110.50,ý122.00,1,5
8.90E+12,ý102.64,403,ý115.00,487,Amul Shrikhand Mango 500gm,ý97.75,ý108.00,1,5
8.90E+12,ý68.50,1806,ý160.00,11479,Amul Single Origin Dark Chocolate 125gm,ý58.05,ý160.00,1,18
8.90E+12,ý59.54,405,ý65.00,15759,Amul Spread Garlic Hub 100gm,ý53.16,ý63.00,1,12
8.90E+12,ý30.10,1905,ý35.00,14526,Amul T Special Rusk 200gm,ý28.67,ý33.00,1,5
8.90E+12,ý60.00,401,ý60.00,13922,Amul T-Special Milk 1ltr,ý60.00,ý60.00,1,0
8.90E+12,ý69.56,401,ý74.00,16683,Amul Taaza Fresh Toned Milk 1ltr,ý66.25,ý74.00,1,5
8.90E+12,ý50.00,2202,ý100.00,17939,Amul Tanzanian Arabica Coffee 280ml,ý44.64,ý90.00,1,12
8.90E+12,ý9.50,401,ý10.00,14920,Amul Tazza Milk 170ml,ý9.50,ý10.00,1,0
8.90E+12,ý28.88,21050000,ý35.00,13758,Amul TriCone ButterScotch 120ml - 77gm,ý24.47,ý35.00,1,18
8.90E+12,ý8.80,21050000,ý10.00,13764,Amul TriCone Choco Vanilla 40ml/27gm,ý7.46,ý10.00,1,18
8.90E+12,ý16.50,21050000,ý20.00,15485,Amul TriCone Choco Vanilla 70ml,ý13.98,ý20.00,1,18
8.91E+12,ý45.00,15149120,ý60.00,14109,Appu Mustard Oil 200ml,ý42.86,ý49.00,1,5
8.91E+12,ý85.00,15149120,ý102.00,14830,Appu Mustard Oil 500ml,ý80.95,ý93.00,1,5
3.87E+15,ý58.00,15155091,ý70.00,14986,Appu Sesame Oil 100ml,ý55.24,ý65.00,1,5
8.91E+12,ý450.00,15155091,ý520.00,15430,Appu Sesame Oil 1ltr,ý428.57,ý505.00,1,5
8.91E+12,ý115.00,15155091,ý135.00,14987,Appu Sesame Oil 200ml,ý109.52,ý130.00,1,5
8.91E+12,ý226.00,15155091,ý270.00,14988,Appu Sesame Oil 500ml,ý215.24,ý250.00,1,5
8.90E+12,ý8.96,22029930,ý10.00,14050,Appy Fizz 125ml,ý7.00,ý10.00,1,28
8.90E+12,ý38.98,82141010,ý50.00,13045,Apsara Gold Hb Pencils 10nos,ý34.80,ý45.00,1,12
8.90E+12,ý79.97,82141010,ý100.00,13046,Apsara Long Point Sharpener 20nos,ý71.40,ý90.00,1,12
8.90E+12,ý12.08,22011010,ý20.00,13158,Aquafina Drinking Water 1ltr,ý10.24,ý15.00,1,18
8.90E+12,ý7.82,22011010,ý10.00,15039,Aquafina Drinking Water 500ml,ý6.63,ý10.00,1,18
3.87E+16,ý31.36,21069099,ý50.00,12622,Arbuda Bhakharvadi 200gms,ý28.00,ý32.00,1,12
3.87E+16,ý72.80,21069099,ý100.00,12641,Arbuda Bhakharvadi 500gms,ý65.00,ý73.00,1,12
3.87E+16,ý31.36,21069099,ý50.00,12624,Arbuda Bhavnagri Gathiya 200gms,ý28.00,ý32.00,1,12
3.87E+16,ý40.88,713,ý50.00,12640,Arbuda Chana 250gms,ý36.50,ý40.00,1,12
3.87E+16,ý31.36,21069099,ý50.00,13030,Arbuda Chana Dal 200gms,ý28.00,ý32.00,1,12
3.87E+16,ý72.80,21069099,ý95.00,12644,Arbuda Chana Dal 500gms,ý65.00,ý73.00,1,12
3.87E+16,ý31.36,21069099,ý50.00,12951,Arbuda Chana Jor Garam 200gms,ý28.00,ý32.00,1,12
3.87E+16,ý72.80,21069099,ý100.00,12648,Arbuda Chana Jor Garam 500gms,ý65.00,ý73.00,1,12
3.87E+16,ý31.36,21069099,ý50.00,12629,Arbuda Dal Sev 200gms,ý28.00,ý32.00,1,12
9.43E+11,ý72.80,21069099,ý95.00,12654,Arbuda Gathiya 500gms,ý65.00,ý73.00,1,12
3.87E+16,ý31.36,21069099,ý50.00,12628,Arbuda Indori Mix 200gms,ý28.00,ý32.00,1,12
3.87E+16,ý72.80,21069099,ý95.00,12643,Arbuda Indori Mix 500gms,ý65.00,ý73.00,1,12
3.87E+16,ý72.80,21069099,ý95.00,12646,Arbuda Khatu-Mithu Chavanu 500gms,ý65.00,ý73.00,1,12
3.87E+16,ý31.36,21069099,ý50.00,12621,Arbuda Khatu-Mithu Mix 200gms,ý28.00,ý32.00,1,12
3.87E+16,ý31.36,21069099,ý50.00,12625,Arbuda Lakadiya Gathiya 200gms,ý28.00,ý32.00,1,12
3.87E+16,ý31.36,21069099,ý50.00,12627,Arbuda Masala Vatana 200gms,ý28.00,ý32.00,1,12
3.87E+16,ý31.36,21069099,ý50.00,12635,Arbuda Medium Gathiya 200gms,ý28.00,ý32.00,1,12
9.43E+11,ý31.36,21069099,ý50.00,12950,Arbuda Mix Chavanu 200gms,ý28.00,ý32.00,1,12
9.43E+11,ý72.80,21069099,ý95.00,12652,Arbuda Mix Chavanu 500gms,ý65.00,ý73.00,1,12
3.87E+16,ý72.80,21069099,ý95.00,12650,Arbuda Mori Papadi 500gms,ý65.00,ý73.00,1,12
3.87E+16,ý31.36,21069099,ý50.00,12623,Arbuda Mori Sev 200gms,ý28.00,ý32.00,1,12
9.43E+11,ý72.80,21069099,ý95.00,12651,Arbuda Mori Sev 500gms,ý65.00,ý73.00,1,12
3.87E+16,ý39.20,21069099,ý50.00,12638,Arbuda Moro Farali Chevdo 200gms,ý35.00,ý40.00,1,12
9.43E+11,ý81.76,21069099,ý100.00,12655,Arbuda Nadiyadi Mix 500gms,ý73.00,ý85.00,1,12
3.87E+16,ý31.36,21069099,ý50.00,12632,Arbuda Poha Chavanu 200gms,ý28.00,ý32.00,1,12
3.87E+16,ý72.80,21069099,ý95.00,12645,Arbuda Poha Chavanu 500gms,ý65.00,ý73.00,1,12
3.87E+16,ý31.36,21069099,ý50.00,12633,Arbuda Puri 200gms,ý28.00,ý32.00,1,12
3.87E+15,ý32.48,21069099,ý45.00,12774,Arbuda Ratlami Sev 200gms,ý29.00,ý32.00,1,12
9.43E+11,ý72.80,21069099,ý95.00,12653,Arbuda Ratlami Sev 500gms,ý65.00,ý73.00,1,12
3.87E+16,ý31.36,21069099,ý50.00,12636,Arbuda Sakarpara 200gms,ý28.00,ý32.00,1,12
3.87E+16,ý34.72,32151140,ý50.00,12639,Arbuda Singh,ý31.00,ý45.00,1,12
3.87E+16,ý31.36,21069099,ý50.00,12634,Arbuda Small Gathiya 200gms,ý28.00,ý32.00,1,12
3.87E+16,ý72.80,21069099,ý95.00,12649,Arbuda Tikhi Papadi 500gms,ý65.00,ý73.00,1,12
3.87E+16,ý39.20,21069099,ý50.00,12637,Arbuda Tikho Farali Chevdo 200gms,ý35.00,ý40.00,1,12
3.87E+16,ý31.36,21069099,ý50.00,12626,Arbuda Tum-Tum 200gms,ý28.00,ý32.00,1,12
3.87E+16,ý72.80,21069099,ý95.00,12642,Arbuda Tum-Tum 500gms,ý65.00,ý73.00,1,12
4.99E+12,ý316.70,3402,ý342.00,574,Ariel Complete+ Semi Auto & Hand Wash Detergent Powder 1kg + 500gm,ý268.39,ý335.00,1,18
4.99E+12,ý107.45,3402,ý124.00,15782,Ariel Complete+ Semi Auto & Hand Wash Detergent Powder 500gm,ý91.06,ý119.00,1,18
4.99E+12,ý148.15,3402,ý160.00,11600,Ariel Complete+ Semi Auto & Hand Wash Detergent Powder 500gm+200gm,ý125.55,ý153.00,1,18
4.99E+12,ý148.15,3402,ý158.00,17885,Ariel Complete+ Semi Auto & Hand Wash Detergent Powder 500gm+200gm,ý125.55,ý145.00,1,18
4.99E+12,ý708.30,3402,ý765.00,15386,Ariel Front Load Liquid 3.2ltr,ý600.25,ý735.00,1,18
4.99E+12,ý638.90,3402,ý690.00,17447,Ariel Front Load Liquid 3.2ltr,ý541.44,ý650.00,1,18
4.99E+12,ý184.25,3402,ý199.00,18214,Ariel Front Load Matic Liquid 1ltr,ý156.14,ý192.00,1,18
4.99E+13,ý124.22,3402,ý134.00,15910,Ariel Front Load Matic Liquid 500ml,ý105.27,ý130.00,1,18
4.99E+12,ý566.65,3402,ý612.00,11604,Ariel Front Load Matic Liquid Detergent 2ltr + 500ml,ý480.21,ý570.00,1,18
4.99E+12,ý708.30,3402,ý765.00,15301,Ariel Front Load Matic Liquid Detergent 3ltr + 1ltr,ý600.25,ý740.00,1,18
4.99E+12,ý841.65,3402,ý909.00,15332,Ariel Front Load Matic Liquid Detergent 3ltr + 1ltr,ý713.26,ý875.00,1,18
4.99E+12,ý462.05,3402,ý499.00,11606,Ariel Front Load Matic Liquid Detergent Pouch 2ltr,ý391.57,ý470.00,1,18
4.99E+12,ý236.09,3402,ý255.00,11610,Ariel Matic Front Load 1ltr,ý200.08,ý245.00,1,18
4.99E+12,ý455.20,3402,ý660.00,13566,Ariel Matic Front Load 2kg,ý385.76,ý490.00,1,18
4.99E+12,ý457.70,3402,ý595.00,15808,Ariel Matic Front Load 2kg,ý387.88,ý480.00,1,18
4.99E+12,ý507.70,3402,ý660.00,15781,Ariel Matic Front Load 2kg + 500ml,ý430.25,ý595.00,1,18
4.99E+12,"ý1,412.00",3402,"ý1,525.00",11608,Ariel Matic Front Load 4kg+2kg,"ý1,196.61","ý1,419.00",1,18
4.99E+12,ý291.70,3402,ý315.00,11601,Ariel Matic Front Load Detergent Powder 1kg,ý247.20,ý307.00,1,18
4.99E+12,ý184.25,3402,ý199.00,16159,Ariel Matic Front Load R 1ltr,ý156.14,ý190.00,1,18
4.99E+12,ý208.32,3402,ý225.00,11609,Ariel Matic Top Load 1ltr,ý176.54,ý215.00,1,18
4.99E+12,ý160.19,3402,ý173.00,18129,Ariel Matic Top Load 1ltr,ý135.75,ý168.00,1,18
4.99E+12,ý410.35,3402,ý595.00,13565,Ariel Matic Top Load 2kg,ý347.75,ý499.00,1,18
4.99E+12,"ý1,273.15",3402,"ý1,375.00",11607,Ariel Matic Top Load 4kg+2kg,"ý1,078.94","ý1,170.00",1,18
4.99E+12,ý113.91,3402,ý123.00,16160,Ariel Matic Top Load 500ml,ý96.53,ý118.00,1,18
4.99E+12,ý268.54,3402,ý290.00,11602,Ariel Matic Top Load Detergent Powder 1kg,ý227.58,ý282.00,1,18
4.99E+12,ý160.19,3402,ý173.00,16158,Ariel Matic Top Load R 1ltr,ý135.75,ý165.00,1,18
4.99E+12,ý8.50,3402,ý10.00,12841,Ariel Perfect Wash 45gm,ý7.21,ý10.00,1,18
4.99E+12,ý83.36,3402,ý90.00,15468,Ariel Perfect Wash 500gm,ý70.64,ý89.00,1,18
4.99E+12,ý83.36,3402,ý90.00,13564,Ariel Perfect Wash 550gm,ý70.64,ý87.00,1,18
4.99E+12,ý665.74,3402,ý719.00,15385,Ariel Top Load Liquid 3.2ltr,ý564.19,ý670.00,1,18
4.99E+12,ý564.80,3402,ý610.00,17656,Ariel Top Load Liquid 3ltr,ý478.64,ý545.00,1,18
4.99E+12,ý497.25,3402,ý537.00,11603,Ariel Top Load Matic Liquid Detergent 2ltr + 500ml,ý421.40,ý510.00,1,18
4.99E+12,ý800.90,3402,ý865.00,15300,Ariel Top Load Matic Liquid Detergent 3ltr + 1ltr,ý678.73,ý830.00,1,18
4.99E+12,ý397.21,3402,ý429.00,11605,Ariel Top Load Matic Liquid Detergent Pouch 2ltr,ý336.62,ý405.00,1,18
7.48E+11,ý245.55,33072000,ý275.00,15701,Aris Extreme Pour Homme 200ml,ý208.09,ý250.00,1,18
7.36E+11,ý245.55,33072000,ý275.00,15700,Aris Polson Pour Femme 200ml,ý208.09,ý250.00,1,18
8.90E+12,ý24.59,21050000,ý30.00,13342,Arun 2in1 Mango & Vanilla 30gm,ý20.84,ý30.00,1,18
8.90E+12,ý20.48,21050000,ý25.00,13339,Arun 2in1 Strawberry & BlackCurrent 38gm,ý17.36,ý25.00,1,18
8.90E+12,ý278.68,21050000,ý340.00,13376,Arun Almond Crisp Tub 1000ml,ý236.17,ý320.00,1,18
8.90E+12,ý12.30,21050000,ý15.00,14573,Arun Bazooka Pineapple & Jamun 50gm,ý10.42,ý15.00,1,18
8.90E+12,ý33.00,21050000,ý40.00,16284,Arun Belgian Chocolate 45ml,ý27.97,ý40.00,1,18
8.90E+12,ý37.76,21050000,ý50.00,17379,Arun Belgian Chocolate Cone,ý32.00,ý50.00,1,18
8.90E+12,ý8.19,21050000,ý10.00,15358,Arun Bites Choco & Lychee 22gm,ý6.94,ý10.00,1,18
8.90E+12,ý4.09,21050000,ý5.00,13338,Arun Bites Choco & Toffee 7gm,ý3.47,ý5.00,1,18
8.90E+12,ý4.09,21050000,ý5.00,13377,Arun Bites Cotton Candy 11ml,ý3.47,ý5.00,1,18
8.90E+12,ý8.19,21050000,ý10.00,14736,Arun Bites Raspberry 22gm,ý6.94,ý10.00,1,18
8.90E+12,ý8.19,21050000,ý10.00,14580,Arun Bites Red Velvet Candy 11ml,ý6.94,ý10.00,1,18
8.90E+12,ý8.19,21050000,ý10.00,16034,Arun Bites Vanilla Flavored Ice Cream 17gm,ý6.94,ý10.00,1,18
8.90E+12,ý245.90,21050000,ý300.00,14284,Arun Blueberry Chees Tub 1ltr,ý208.39,ý290.00,1,18
8.90E+12,ý139.33,21050000,ý170.00,16195,Arun Butterscotch Tub 500ml,ý118.08,ý160.00,1,18
8.90E+12,ý16.39,21050000,ý20.00,14735,Arun Chocobar Candy 23gm,ý13.89,ý20.00,1,18
8.90E+12,ý25.00,21050000,ý30.00,13336,Arun Chocobar Candy 38gm/55ml,ý21.19,ý30.00,1,18
8.90E+12,ý24.59,21050000,ý30.00,15357,Arun Chocobar Candy 41gm/60ml,ý20.84,ý30.00,1,18
8.90E+12,ý40.98,21050000,ý50.00,14578,Arun Chocolate Ice Cream 33gm,ý34.73,ý50.00,1,18
8.90E+12,ý155.72,21050000,ý190.00,14286,Arun Chocolate Tub 500ml,ý131.97,ý185.00,1,18
8.90E+12,ý20.48,21050000,ý20.00,15403,Arun Cookie & Cream 50gm,ý17.36,ý25.00,1,18
8.90E+12,ý262.29,21050000,ý340.00,13373,Arun Dark Chocolate Tub 1000ml,ý222.28,ý330.00,1,18
8.90E+12,ý262.29,21050000,ý340.00,13757,Arun Dark Chocolate Tub 1000ml,ý222.28,ý330.00,1,18
8.90E+12,ý20.48,21050000,ý25.00,16282,Arun Fun Wheel 60ml,ý17.36,ý25.00,1,18
8.90E+12,ý143.44,21050000,ý170.00,13372,Arun Gajar Halwa Tub 500ml,ý121.56,ý160.00,1,18
8.90E+12,ý278.68,21050000,ý340.00,13374,Arun Italian Delight Tub 1000ml,ý236.17,ý320.00,1,18
8.90E+12,ý16.39,21050000,ý20.00,14575,Arun Jolly Train Cho. & Butter. 35gm,ý13.89,ý20.00,1,18
8.90E+12,ý41.01,21050000,ý50.00,13343,Arun Kulfi King 37gm,ý34.75,ý50.00,1,18
8.90E+12,ý40.98,21050000,ý50.00,14579,Arun Kulfi King Kulfi,ý34.73,ý50.00,1,18
8.90E+12,ý12.30,21050000,ý15.00,13335,Arun LikStick Ice Candy 52gm,ý10.42,ý15.00,1,18
8.90E+12,ý20.48,21050000,ý25.00,14734,Arun Little Love Berry Bar 50ml,ý17.36,ý25.00,1,18
8.90E+12,ý143.44,21050000,ý170.00,14288,Arun Mango Flavored Tub 500ml,ý121.56,ý165.00,1,18
8.90E+12,ý16.39,21050000,ý20.00,15359,Arun Merry Cap 40gm,ý13.89,ý20.00,1,18
8.90E+12,ý16.39,21050000,ý20.00,15206,Arun Neapolitan 60ml,ý13.89,ý20.00,1,18
8.90E+12,ý155.72,21050000,ý190.00,16031,Arun Pista Flavored Cream 500ml,ý131.97,ý180.00,1,18
8.90E+12,ý4.09,21050000,ý5.00,13337,Arun Popitos Kaccha Mango Flavour 22gm,ý3.47,ý5.00,1,18
,ý163.93,21050000,ý250.00,16915,Arun Rajbhog Tub 500ml,ý138.92,ý250.00,1,18
8.90E+12,ý28.69,21050000,ý40.00,14582,Arun Raspberry Ripple 38gm,ý24.31,ý40.00,1,18
8.90E+12,ý245.90,21050000,ý300.00,14285,Arun Red Velvat & Salted Caramel Duet Tub 1ltr,ý208.39,ý290.00,1,18
8.90E+12,ý237.70,21050000,ý290.00,13375,Arun Salted Caramel & Red Velvet Tub 1000ml,ý201.44,ý270.00,1,18
8.90E+12,ý20.48,21050000,ý25.00,16283,Arun Smiley 55ml,ý17.36,ý25.00,1,18
8.90E+12,ý16.39,21050000,ý20.00,13340,Arun Spiral Mango and Litchi 35gm,ý13.89,ý20.00,1,18
8.90E+12,ý16.39,21050000,ý20.00,13341,Arun Spiral Pineapple & Vanilla 33gm,ý13.89,ý20.00,1,18
8.90E+12,ý16.39,21050000,ý20.00,14577,Arun Straeberry Ice Cream 33gm,ý13.89,ý20.00,1,18
8.90E+12,ý245.90,21050000,ý300.00,16196,Arun Strawberry Blast Tub 1000ml,ý208.39,ý280.00,1,18
8.90E+12,ý20.48,21050000,ý25.00,14576,"Arun Trio Raspberry,Vanilla & Mango 32gm",ý17.36,ý25.00,1,18
8.90E+12,ý8.19,21050000,ý10.00,14574,"Arun Triples Orange,Mint & Lemon",ý6.94,ý10.00,1,18
8.90E+12,ý139.33,21050000,ý175.00,14287,Arun Vanila & Black Currant Tub 500ml,ý118.08,ý165.00,1,18
8.90E+12,ý36.88,21050000,ý45.00,14581,Arun Vanilla Cup 125ml,ý31.25,ý45.00,1,18
8.90E+12,ý12.30,21050000,ý15.00,14733,Arun Vanilla Ice Cream 33gm,ý10.42,ý15.00,1,18
8.90E+12,ý16.39,21050000,ý20.00,13327,Arun Watermelon Candy 35gm,ý13.89,ý20.00,1,18
8.90E+12,ý20.48,21050000,ý25.00,15207,Arun Whale 60ml,ý17.36,ý25.00,1,18
8.90E+12,ý28.69,21050000,ý30.00,15208,Arun Yummy Bears 65ml,ý24.31,ý30.00,1,18
1055,ý55.00,4820,ý60.00,16228,Asia Box File,ý46.61,ý60.00,1,18
8.90E+12,ý81.82,33049120,ý90.00,11651,Axe Cologne Talc Sweat Defence Dark Temptation 100gms,ý69.34,ý86.00,1,18
8.90E+12,ý81.82,33049120,ý90.00,11648,Axe Cologne Talc Sweat Defence Denim 100gm,ý69.34,ý86.00,1,18
8.90E+12,ý77.28,33049120,ý85.00,11649,Axe Cologne Talc Sweat Defence Pulse 100gms,ý65.49,ý82.00,1,18
8.90E+12,ý213.04,33072000,ý245.00,11642,Axe Provoke Deodorant BodySpray Rich Oriental Fragrance 150ml,ý180.54,ý224.00,1,18
8.90E+12,ý213.04,33072000,ý245.00,11643,Axe Pulse Deodorant BodySpray Energizing Citrus Fragrance 150ml,ý180.54,ý224.00,1,18
8.90E+12,ý213.04,33072000,ý245.00,11645,Axe Recharge 24x7 Deodorant BodySpray Warm Amber Fragrance 150ml,ý180.54,ý224.00,1,18
8.90E+12,ý213.04,33072000,ý245.00,11646,Axe Recharge Game Face Deodorant BodySpray Classic Musk Fragrance 150ml,ý180.54,ý224.00,1,18
8.90E+12,ý213.04,33072000,ý245.00,11647,Axe Recharge Mid Night Deodorant BodySpray Sparkling Fruity Fragrance 150ml,ý180.54,ý224.00,1,18
8.90E+12,ý80.91,33071010,ý89.00,11667,Axe Shaving Cream Sensitive Denim 78gms,ý68.57,ý85.00,1,18
8.90E+12,ý213.04,33072000,ý245.00,11655,Axe Signature Body Deodorant Champion 122ml,ý180.54,ý224.00,1,18
8.90E+12,ý213.04,33072000,ý245.00,11665,Axe Signature Body Deodorant Corporate 122ml,ý180.54,ý224.00,1,18
8.90E+12,ý213.04,33072000,ý245.00,11652,Axe Signature Body Deodorant Dark Temptation 122ml,ý180.54,ý224.00,1,18
8.90E+12,ý213.04,33072000,ý245.00,11656,Axe Signature Body Deodorant Intense 122ml,ý180.54,ý224.00,1,18
8.90E+12,ý213.04,33072000,ý245.00,11659,Axe Signature Body Deodorant Maverick 122ml,ý180.54,ý224.00,1,18
8.90E+12,ý213.04,33072000,ý245.00,11664,Axe Signature Body Deodorant Mysterious 122ml,ý180.54,ý224.00,1,18
8.90E+12,ý213.04,33072000,ý245.00,11660,Axe Signature Body Deodorant Rogue 122ml,ý180.54,ý224.00,1,18
8.90E+12,ý213.04,33072000,ý245.00,11661,Axe Signature Body Deodorant Suave 122ml,ý180.54,ý224.00,1,18
3.87E+15,ý31.36,3924,ý30.00,11396,Ayurvedic Neem Natural Bath Soap 75gm,ý28.00,ý28.00,1,12
8.90E+12,ý8.96,22029930,ý10.00,14049,B Fizz 125ml,ý7.00,ý10.00,1,28
8.90E+12,ý78.40,22029920,ý140.00,17383,B Natural Apple 1ltr,ý70.00,ý120.00,1,12
8.90E+12,ý87.40,22029920,ý140.00,15825,B Natural Apple 980ml,ý78.04,ý120.00,1,12
8.90E+12,ý8.38,22029920,ý10.00,16064,B Natural Guava 125ml,ý7.48,ý10.00,1,12
8.90E+12,ý78.40,22029920,ý140.00,17405,B Natural Guava 1ltr,ý70.00,ý120.00,1,12
8.90E+12,ý87.40,22029920,ý140.00,18012,B Natural Litchi 1ltr,ý78.04,ý120.00,1,12
8.90E+12,ý87.40,22029920,ý100.00,15826,B Natural Litchi 980ml,ý78.04,ý95.00,1,12
8.90E+12,ý8.38,22029920,ý10.00,16062,B Natural Mango 125ml,ý7.48,ý10.00,1,12
8.90E+12,ý83.07,22029920,ý140.00,18011,B Natural Mixed Fruit 1ltr,ý74.17,ý120.00,1,12
8.90E+12,ý83.07,22029920,ý140.00,15823,B Natural Mixed Fruit 980ml,ý74.17,ý120.00,1,12
8.90E+12,ý87.40,22029920,ý140.00,15824,B Natural Orange 980ml,ý78.04,ý120.00,1,12
8.90E+12,ý87.40,22029920,ý140.00,17415,B Natural Orange 980ml,ý78.04,ý120.00,1,12
3.87E+16,ý265.00,48022090,ý300.00,13535,B2B Printing Paper,ý236.61,ý270.00,1,12
3.87E+15,ý33.60,3923,ý50.00,11497,BM Plast Plastic Container,ý30.00,ý30.00,1,12
8.91E+12,ý82.50,96190030,ý99.00,16264,Babyhug Super Dry Diaper M-8nos,ý73.66,ý85.00,1,12
8.91E+12,ý82.50,96190030,ý99.00,16327,Babyhug Super Dry Diaper S-10nos,ý73.66,ý85.00,1,12
8.08E+12,ý72.00,3808,ý99.00,16165,Bactin Bathroom Cleaner 500ml,ý61.02,ý50.00,1,18
8.08E+12,ý105.00,3808,ý225.00,16177,Bactin Ex Strong Floor Cleaner 1ltr,ý88.98,ý123.00,1,18
8.08E+12,ý50.00,3808,ý120.00,16176,Bactin Ex Strong Floor Cleaner 500ml,ý42.37,ý60.00,1,18
1.81E+13,ý119.99,3808,ý180.00,17779,Bactin Ex Strong Floor Cleaner 900ml,ý101.69,ý90.00,1,18
8.08E+12,ý72.00,3808,ý99.00,16169,Bactin Floor Cleaner Citrus 500ml,ý61.02,ý49.00,1,18
8.08E+12,ý119.99,3808,ý180.00,16167,Bactin Floor Cleaner Citrus 900ml,ý101.69,ý90.00,1,18
8.91E+12,ý65.45,33059011,ý72.00,12404,Bajaj Almond Drop Hair Oil 95ml,ý55.47,ý70.00,1,18
8.91E+12,ý41.35,34011190,ý67.00,12415,Bajaj Almond Drop Soap 300gms,ý35.05,ý50.00,1,18
8.91E+12,ý33.63,15131900,ý36.00,12411,Bajaj Coconut Oil 100ml,ý32.03,ý36.00,1,5
8.91E+12,ý59.08,15131900,ý65.00,12412,Bajaj Coconut Oil 175ml,ý56.27,ý62.00,1,5
8.91E+12,ý81.82,15131900,ý90.00,12413,Bajaj Coconut Oil 250ml,ý77.92,ý85.00,1,5
8.91E+12,ý9.08,15131900,ý10.00,12409,Bajaj Coconut Oil 25ml,ý8.65,ý10.00,1,5
8.91E+12,ý104.55,15131900,ý115.00,18059,Bajaj Coconut Oil 300ml,ý99.57,ý112.00,1,5
8.91E+12,ý18.18,15131900,ý20.00,12410,Bajaj Coconut Oil 45ml,ý17.31,ý19.00,1,5
8.91E+12,ý168.18,15131900,ý185.00,12414,Bajaj Coconut Oil 500ml,ý160.17,ý175.00,1,5
8.91E+12,ý43.74,33030020,ý49.00,15859,Bajaj Gulab Jal 120ml,ý37.07,ý46.00,1,18
8.91E+12,ý8.92,33030020,ý10.00,15857,Bajaj Gulab Jal 30ml,ý7.56,ý10.00,1,18
8.91E+12,ý22.31,33030020,ý25.00,15858,Bajaj Gulab Jal 60ml,ý18.91,ý24.00,1,18
8.91E+12,ý90.91,33059011,ý100.00,14324,Bajaj Jasmine Hair Oil 180ml,ý77.04,ý97.00,1,18
8.91E+12,ý24.54,33059011,ý27.00,14323,Bajaj Jasmine Hair Oil 45ml,ý20.80,ý26.00,1,18
8.91E+12,ý63.63,15131900,ý70.00,14322,Bajaj Pure Coconut Oil 175ml,ý60.60,ý68.00,1,5
3.87E+15,ý30.80,21069099,ý60.00,13291,Bal Ganesh Aloo Sev 200gm,ý27.50,ý45.00,1,12
3.87E+15,ý72.76,21069099,ý100.00,13292,Bal Ganesh Aloo Sev 400gm,ý64.96,ý85.00,1,12
3.87E+16,ý33.60,21069099,ý60.00,14034,Bal Ganesh Bhadran mug 200gm,ý30.00,ý45.00,1,12
3.87E+15,ý72.80,21069099,ý100.00,13333,Bal Ganesh Bhavnagri Ghanthiya 500gm,ý65.00,ý80.00,1,12
3.87E+15,ý33.60,21069099,ý50.00,14225,Bal Ganesh Chakli Ghanthiya 200gm,ý30.00,ý45.00,1,12
3.87E+15,ý72.80,21069099,ý100.00,13312,Bal Ganesh Chakli Ghanthiya 500gm,ý65.00,ý80.00,1,12
3.87E+16,ý30.46,21069099,ý60.00,14026,Bal Ganesh Chana Dal 200gms,ý27.20,ý45.00,1,12
3.87E+15,ý30.46,21069099,ý60.00,13290,Bal Ganesh Chana Jor Garam 200gm,ý27.20,ý35.00,1,12
3.87E+15,ý72.80,21069099,ý100.00,13289,Bal Ganesh Chana Jor Garam 500gm,ý65.00,ý80.00,1,12
3.87E+15,ý36.40,21069099,ý60.00,14019,Bal Ganesh Chavanu 200gm,ý32.50,ý45.00,1,12
3.87E+15,ý72.80,21069099,ý100.00,14018,Bal Ganesh Chavanu 500gm,ý65.00,ý85.00,1,12
3.87E+15,ý72.80,21069099,ý100.00,13346,Bal Ganesh Chevdo 500gm,ý65.00,ý80.00,1,12
3.87E+15,ý72.80,21069099,ý100.00,13348,Bal Ganesh Chokha Chevdo 500gm,ý65.00,ý80.00,1,12
3.87E+15,ý72.80,21069099,ý100.00,13298,Bal Ganesh Farali Chevdo Moro 500gm,ý65.00,ý80.00,1,12
3.87E+15,ý72.80,21069099,ý100.00,13299,Bal Ganesh Farali Chevdo Thiko 400gm,ý65.00,ý80.00,1,12
3.87E+13,ý33.60,21069099,ý60.00,14033,Bal Ganesh Fulwadi 200gm,ý30.00,ý50.00,1,12
3.87E+15,ý30.46,21069099,ý60.00,13311,Bal Ganesh Ghav Chakri 200gm,ý27.20,ý35.00,1,12
3.87E+16,ý30.58,21069099,ý60.00,13381,Bal Ganesh Ghav Chevdo 200gm,ý27.30,ý35.00,1,12
3.87E+15,ý72.80,21069099,ý100.00,13347,Bal Ganesh Ghav Chevdo 500gm,ý65.00,ý80.00,1,12
3.87E+16,ý30.46,21069099,ý50.00,14025,Bal Ganesh Jain Bhakhar Wadi 200gm,ý27.20,ý40.00,1,12
3.87E+15,ý72.80,21069099,ý100.00,13345,Bal Ganesh Khatu Mithu 500gm,ý65.00,ý85.00,1,12
3.87E+15,ý30.46,21069099,ý50.00,14032,Bal Ganesh Lasan Bhakharvadi 200gm,ý27.20,ý40.00,1,12
3.87E+15,ý30.46,21069099,ý100.00,13334,Bal Ganesh Masala Bundi 200gm,ý27.20,ý35.00,1,12
3.87E+15,ý72.80,21069099,ý100.00,13309,Bal Ganesh Masala Bundi 500gm,ý65.00,ý80.00,1,12
8.91E+13,ý67.20,21069099,ý75.00,13349,Bal Ganesh Methi Khakra,ý60.00,ý70.00,1,12
3.87E+15,ý30.46,21069099,ý60.00,14021,Bal Ganesh Mini Bhakharvadi 200gm,ý27.20,ý45.00,1,12
3.87E+15,ý72.80,21069099,ý100.00,14023,Bal Ganesh Mori Papadi 500gms,ý65.00,ý85.00,1,12
3.87E+15,ý30.46,21069099,ý60.00,13310,Bal Ganesh Nylon Sev 200gm,ý27.20,ý35.00,1,12
3.87E+15,ý72.80,21069099,ý100.00,13296,Bal Ganesh Nylon Sev 500gm,ý65.00,ý80.00,1,12
3.87E+15,ý72.80,21069099,ý100.00,13297,Bal Ganesh Ratlami Sev 500gm,ý65.00,ý80.00,1,12
3.87E+15,ý30.46,21069099,ý50.00,14224,Bal Ganesh Sakarpara 200gm,ý27.20,ý40.00,1,12
3.87E+15,ý72.80,21069099,ý100.00,13301,Bal Ganesh Sakarpara 500gm,ý65.00,ý80.00,1,12
9.00E+12,ý200.00,4059020,ý278.00,13706,Balaji Pure Ghee 500gm,ý178.57,ý250.00,1,12
9.00E+12,ý390.00,4059020,ý550.00,13709,Balaji Pure Ghee 1ltr,ý348.21,ý456.00,1,12
8.91E+12,ý34.00,21069099,ý40.00,11862,Balaji Ratlami Sev 210gm,ý30.36,ý38.00,1,12
8.91E+12,ý4.24,21069099,ý5.00,13288,Balaji Ratlami Sev 25gm,ý3.79,ý5.00,1,12
8.91E+12,ý63.75,21069099,ý75.00,11861,Balaji Ratlami Sev 400gm,ý56.92,ý72.00,1,12
8.91E+12,ý8.50,21069099,ý10.00,11863,Balaji Ratlami Sev 50gm,ý7.59,ý10.00,1,12
8.91E+12,ý3.89,19053211,ý5.00,16701,Balaji Rich Chocolate Cream Wafers 16gm,ý3.30,ý5.00,1,18
8.91E+12,ý8.50,21069099,ý10.00,11870,Balaji Rumbles Hot Chilli Hot 35gm,ý7.59,ý10.00,1,12
8.91E+12,ý34.00,20052000,ý40.00,11840,Balaji Rumbles Pudina Twist Wafers 150gm,ý30.36,ý38.00,1,12
8.91E+12,ý8.50,20052000,ý10.00,13270,Balaji Rumbles Pudina Twist Wafers 35gm,ý7.59,ý10.00,1,12
8.91E+12,ý8.50,20052000,ý10.00,17531,Balaji Rumbles Pudina Twist Wafers 35gm,ý7.59,ý10.00,1,12
8.91E+12,ý8.50,20081920,ý10.00,11871,Balaji Salted Peanuts 40gm,ý7.59,ý10.00,1,12
8.91E+12,ý34.00,21069099,ý40.00,15669,Balaji Sev Murmura 250gm,ý30.36,ý38.00,1,12
8.91E+12,ý4.24,21069099,ý5.00,13887,Balaji Sev Murmura 25gm,ý3.79,ý5.00,1,12
8.91E+12,ý8.50,21069099,ý10.00,11819,Balaji Sev Murmura 50gm,ý7.59,ý10.00,1,12
8.91E+12,ý38.25,21069099,ý45.00,11857,Balaji Shing Bhujia 210gm,ý34.15,ý43.00,1,12
8.91E+12,ý4.24,21069099,ý5.00,13287,Balaji Shing Bhujia 25gm,ý3.79,ý5.00,1,12
8.91E+12,ý72.25,21069099,ý85.00,11865,Balaji Shing Bhujia 400gm,ý64.51,ý81.00,1,12
8.91E+12,ý8.50,21069099,ý10.00,11864,Balaji Shing Bhujia 50gm,ý7.59,ý10.00,1,12
8.91E+12,ý34.00,20052000,ý40.00,11837,Balaji Simply Salted Wafers 150gm,ý30.36,ý38.00,1,12
8.91E+12,ý4.50,20052000,ý5.00,12771,Balaji Simply Salted Wafers 16gm,ý4.02,ý5.00,1,12
8.91E+12,ý8.50,20052000,ý10.00,13454,Balaji Simply Salted Wafers 35gm,ý7.59,ý10.00,1,12
8.91E+12,ý36.00,21069099,ý60.00,11835,Balaji Stack Up Butter Garlic 60gm,ý32.14,ý58.00,1,12
8.91E+12,ý29.12,21069099,ý60.00,14560,Balaji Stack Up Cream & Onion 60gm,ý26.00,ý58.00,1,12
8.91E+12,ý36.00,21069099,ý60.00,11836,Balaji Stack Up Simply Salted 60gm,ý32.14,ý58.00,1,12
8.91E+12,ý36.00,21069099,ý60.00,11834,Balaji Stack Up Sizzling Chilli 60gm,ý32.14,ý58.00,1,12
8.91E+12,ý38.25,21069099,ý45.00,11867,Balaji Tikha Mitha Mix 250gm,ý34.15,ý43.00,1,12
8.91E+12,ý76.50,21069099,ý90.00,11866,Balaji Tikha Mitha Mix 500gm,ý68.30,ý85.00,1,12
8.91E+12,ý8.50,21069099,ý10.00,11850,Balaji Tikha Mitha Mix 50gm,ý7.59,ý10.00,1,12
8.91E+12,ý34.00,20052000,ý40.00,13457,Balaji Tomato Wafers 150gm,ý30.36,ý38.00,1,12
8.91E+12,ý4.50,20052000,ý5.00,11826,Balaji Tomato Wafers 16gm,ý4.02,ý5.00,1,12
8.91E+12,ý8.50,20052000,ý10.00,13208,Balaji Tomato Wafers 35gm,ý7.59,ý10.00,1,12
8.91E+12,ý4.24,21069099,ý5.00,13885,Balaji Wheelos Masala 22gm,ý3.79,ý5.00,1,12
8.91E+12,ý8.50,21069099,ý10.00,14494,Balaji Wheelos Masala 45gm,ý7.59,ý10.00,1,12
3.87E+15,ý3.00,9608,ý5.00,14695,Ball Pen 1Nos,ý3.00,ý5.00,1,0
3.87E+15,ý3.00,9608,ý4.00,14519,Ball Pen 1pic,ý3.00,ý4.00,1,0
3.87E+15,ý12.00,9608,ý15.00,13130,Ball Pen Black 1pic,ý10.17,ý15.00,1,18
3.87E+15,ý12.00,9608,ý15.00,13132,Ball Pen Red 1pic,ý10.17,ý17.70,1,18
1060,ý3.00,9608,ý5.00,16231,Ball Pen Saino 1Nos,ý3.00,ý5.00,1,0
6.29E+12,ý67.50,8041020,ý162.00,13329,Barari Premium Dates 500gm,ý60.27,ý100.00,1,12
3.87E+15,ý208.95,950300,ý265.00,11617,Basketball Ring,ý199.00,ý199.00,1,5
3.87E+15,ý50.40,3923,ý100.00,12361,Bat Ball Small,ý45.00,ý60.00,1,12
9.88E+12,ý40.00,713,ý50.00,15069,Bhagwati Chana 250gm,ý40.00,ý45.00,1,0
3.87E+15,ý208.95,950300,ý249.00,11632,Big Heart Soft Pillow,ý199.00,ý199.00,1,5
8.91E+12,ý99.99,21069099,ý120.00,18403,Bikaji Bikaneri Bhujia Sev 400gm,ý89.28,ý114.00,1,12
8.91E+12,ý54.00,21069099,ý64.00,18404,Bikaji Chowpati Bhelpuri 400gm,ý48.21,ý61.00,1,12
8.91E+12,ý58.33,21069099,ý70.00,18479,Bikaji Coctail Nut Mix 200gm,ý52.08,ý66.00,1,12
8.91E+12,ý99.99,21069099,ý150.00,18406,Bikaji Kucj Kuch All In One 400gm,ý89.28,ý114.00,1,12
8.91E+12,ý35.00,21069099,ý40.00,17634,Bikaji Soya Man Stick 200gm,ý31.25,ý38.00,1,12
8.91E+12,ý99.99,21069099,ý120.00,18405,Bikaji Tana-tan Aloo Bhujia400gm,ý89.28,ý112.00,1,12
8.90E+12,ý215.00,4805,ý230.00,16769,Bilt Image Copier 70GSM,ý191.96,ý220.00,1,12
8.90E+12,ý9.00,21069099,ý10.00,13369,Bingo Cheese Nachos Flavour 25gm,ý8.04,ý10.00,1,12
8.90E+12,ý9.00,21069099,ý10.00,14125,Bingo Chilli Lemon Nachos Flavour 23gm,ý8.04,ý10.00,1,12
8.90E+12,ý9.00,21069099,ý10.00,12370,Bingo Dahi Chaat Remix 33gm,ý8.04,ý10.00,1,12
8.90E+12,ý9.00,21069099,ý10.00,12995,Bingo Mad Angles Achaari Masti 33gm,ý8.04,ý10.00,1,12
8.90E+12,ý9.00,21069099,ý10.00,13207,Bingo Mad Angles Pizza 33gm,ý8.04,ý10.00,1,12
8.90E+12,ý8.44,21069099,ý10.00,12371,Bingo Pani Puri Twist 33gm,ý8.04,ý10.00,1,5
8.90E+12,ý9.00,21069099,ý10.00,12996,Bingo Tedhe Medhe Kurkure 40gm,ý8.04,ý10.00,1,12
8.90E+12,ý17.09,21069099,ý20.00,18347,Bingo Tomato Madness Mad Angles 66gm,ý15.26,ý20.00,1,12
8.90E+12,ý17.09,21069099,ý20.00,18346,Bingo Very Peri Peri Mad Angles 66gm,ý15.26,ý20.00,1,12
8.90E+12,ý153.40,3402,ý178.00,15303,Bizz Power Detergent Powder 2kg,ý130.00,ý170.00,1,18
8.90E+12,ý9.44,3402,ý10.00,13680,Bizz Power Detergent Powder 130gm,ý8.00,ý10.00,1,18
8.90E+12,ý41.30,3402,ý45.00,14648,Bizz Power Detergent Powder 500gm,ý35.00,ý43.00,1,18
8.90E+12,ý8.96,34011990,ý10.00,11394,Bizz Power Detergent Soap 65gm,ý8.00,ý10.00,1,12
8.90E+12,ý33.60,34011990,ý42.00,16510,Bizz Prime Detergent Soap 250gm,ý30.00,ý40.00,1,12
8.90E+12,ý100.00,38089910,ý110.00,13227,Black Hit 200ml,ý84.75,ý108.00,1,18
8.90E+12,ý195.81,38089910,ý215.00,13228,Black Hit 400ml,ý165.94,ý210.00,1,18
8.90E+12,ý272.73,38089910,ý300.00,13229,Black Hit 625ml,ý231.12,ý290.00,1,18
8.90E+12,ý90.00,38089910,ý99.00,18050,Black Hit Gel 15gm,ý76.27,ý97.00,1,18
3.87E+15,ý126.00,11021000,ý199.00,11551,Blossom Bowl Set 6pcs,ý120.00,ý120.00,1,5
8.90E+12,ý168.00,30049011,ý299.00,18290,Blush Rush Res Onion Shampoo 300ml,ý150.00,ý149.50,1,12
8.90E+12,ý134.40,33029090,ý245.00,11349,Bombay Shaving Company - Charcoal Shaving Foam,ý120.00,ý245.00,1,12
8.90E+12,ý330.40,33049190,ý295.00,11358,Bombay Shaving Company - Charcoal Shaving Foam 266ml,ý295.00,ý295.00,1,12
8.90E+12,ý8.75,18069010,ý10.00,17803,Boomer Bybble Gum Strawberry Flav.18.6gm,ý7.42,ý10.00,1,18
3.87E+14,ý8.96,30049011,ý10.00,18412,Boro Plus Ayurvedic Cream,ý8.00,ý10.00,1,12
8.90E+12,ý31.31,19053100,ý35.00,17477,Britannia 50-50 Golmal BG 200gm,ý26.53,ý34.00,1,18
8.90E+12,ý4.47,19053100,ý5.00,17691,Britannia 50-50 Jerea Masala 28gm,ý3.79,ý5.00,1,18
8.90E+12,ý27.32,19053100,ý30.00,14591,Britannia 50-50 Maska Chaska 105gm,ý23.15,ý29.00,1,18
8.90E+12,ý81.97,19053100,ý90.00,15160,Britannia 50-50 Maska Chaska 300gm,ý69.46,ý86.00,1,18
8.90E+12,ý31.31,19053100,ý35.00,14590,Britannia 50-50 Sweet & Salty 188gm,ý26.53,ý34.00,1,18
8.90E+12,ý9.09,19053100,ý10.00,15327,Britannia 50-50 Time Pass 63.5gm,ý7.70,ý10.00,1,18
8.90E+12,ý8.94,19053100,ý10.00,17955,Britannia 50-50 Top Butter Bites 57.5gm,ý7.58,ý10.00,1,18
8.90E+12,ý45.00,1905,ý55.00,17723,Britannia Atta Bread 500gm,ý45.00,ý53.00,1,0
8.90E+12,ý43.48,20081990,ý50.00,13425,Britannia Better Sanck Makhana 25gm,ý38.82,ý45.00,1,12
8.90E+12,ý53.57,19053100,ý60.00,15159,Britannia Biscuit 50-50 Jeera 300gm,ý45.40,ý57.00,1,18
8.90E+12,ý8.94,19053100,ý10.00,11957,Britannia Biscuit 50-50 Jeera 62.5gm,ý7.58,ý10.00,1,18
8.90E+12,ý8.94,19059090,ý10.00,11962,Britannia Biscuit 50-50 Potazos 24gm,ý7.58,ý10.00,1,18
8.90E+12,ý9.10,19053100,ý10.00,15567,Britannia Nice Time Biscuit 73gm,ý7.71,ý10.00,1,18
8.90E+12,ý22.36,19053100,ý25.00,14369,Britannia Nutri Choice Digestive Biscuit 100gm,ý18.95,ý25.00,1,18
8.90E+12,ý44.72,19053100,ý50.00,14370,Britannia Nutri Choice Digestive Biscuit 200gm,ý37.90,ý48.00,1,18
8.90E+12,ý177.99,19053100,ý199.00,14940,Britannia Nutri Choice Digestive Biscuit 200gm*5,ý150.84,ý190.00,1,18
8.90E+12,ý62.61,19053100,ý70.00,16861,Britannia Nutri Choice Digestive Biscuit 250+30gm,ý53.06,ý68.00,1,18
8.90E+12,ý31.31,19053100,ý35.00,14371,Britannia Nutri Choice Digestive Zero Sugar Biscuit 100gm,ý26.53,ý34.00,1,18
8.90E+12,ý31.31,19053100,ý35.00,18390,Britannia Nutri Choice Digestive Zero Sugar Biscuit 100gm+20gm,ý26.53,ý34.00,1,18
8.90E+12,ý22.36,19053100,ý25.00,16858,Britannia Nutri Choice Oats A&M 75GM,ý18.95,ý25.00,1,18
8.90E+12,ý22.36,19053100,ý25.00,16856,Britannia Nutri Choice Oats C&A 75GM,ý18.95,ý25.00,1,18
8.90E+12,ý66.96,19053100,ý75.00,16698,Britannia Nutri Choice Oats Cookies 150gm,ý56.75,ý72.00,1,18
8.90E+12,ý22.36,19053100,ý25.00,16857,Britannia Nutri Choice Oats Orange 75GM,ý18.95,ý25.00,1,18
8.90E+12,ý8.93,19053219,ý10.00,17609,Britannia Treat Creme Wafers Choco 33gm,ý7.57,ý10.00,1,18
8.90E+12,ý44.72,19053219,ý50.00,13413,Britannia Treat Creme Wafers Orange,ý37.90,ý48.00,1,18
8.90E+12,ý44.72,19053219,ý50.00,13415,Britannia Treat Creme Wafers Strawberry,ý37.90,ý48.00,1,18
8.90E+12,ý39.80,19053219,ý50.00,13414,Britannia Treat Creme Wafers Vanilla,ý37.90,ý48.00,1,5
8.90E+12,ý9.11,19053100,ý10.00,13408,Britannia Treat Funky Choco 50gm,ý7.72,ý10.00,1,18
8.90E+12,ý9.11,19053100,ý10.00,12448,Britannia Treat Kool Vanilla 50gm,ý7.72,ý10.00,1,18
8.90E+12,ý18.02,19059010,ý20.00,15879,Britannia Treat Mix Fruit 45gm,ý15.27,ý20.00,1,18
8.90E+12,ý9.11,19053100,ý10.00,12447,Britannia Treat O'som Orange 50gm,ý7.72,ý10.00,1,18
8.90E+12,ý18.18,19053100,ý20.00,15162,Britannia Treat Orange Cream 150gm,ý15.41,ý20.00,1,18
8.90E+12,ý9.11,19053100,ý10.00,15737,Britannia Treat Orange Cream 51gm,ý7.72,ý10.00,1,18
8.90E+12,ý4.48,19053211,ý5.00,17604,Britannia Treat Stix 10.5gm,ý3.80,ý5.00,1,18
8.90E+12,ý18.02,19059010,ý20.00,15880,Britannia Treat Strawberry 45gm,ý15.27,ý20.00,1,18
8.90E+12,ý18.02,19059010,ý20.00,16859,Britannia Treat Vanilla 45gm,ý15.27,ý20.00,1,18
8.90E+12,ý161.00,19053100,ý180.00,17950,Britannia Treat Vanilla Biscuit 515gm,ý136.44,ý174.00,1,18
8.90E+12,ý22.73,19053100,ý25.00,15502,Britannia Treat Vanilla Cream 150gm,ý19.26,ý25.00,1,18
8.90E+12,ý9.11,19053100,ý10.00,15738,Britannia Treat Vanilla Cream 60gm,ý7.72,ý10.00,1,18
8.90E+12,ý27.08,19053100,ý30.00,15565,Britannia Vita Marie Gold 163gm,ý22.95,ý29.00,1,18
8.90E+12,ý27.08,19053100,ý30.00,16569,Britannia Vita Marie Gold 210gm,ý22.95,ý29.00,1,18
8.90E+12,ý40.61,19053100,ý50.00,15566,Britannia Vita Marie Gold 300gm,ý34.42,ý48.00,1,18
8.90E+12,ý9.03,19053100,ý10.00,13735,Britannia Vita Marie Gold 70gm,ý7.65,ý10.00,1,18
8.90E+12,ý9.03,19053100,ý10.00,11950,Britannia Vita Marie Gold 75gm,ý7.65,ý10.00,1,18
8.90E+12,ý138.39,19053100,ý155.00,15326,Britannia Vita Marie Gold 798gm,ý117.28,ý146.00,1,18
8.90E+12,ý38.00,1905,ý50.00,13806,Britannia Vitarich Crustless Bread 300gm,ý38.00,ý48.00,1,0
8.90E+12,ý65.00,1905,ý80.00,13775,Britannia Vitarich Crustless Bread 600gm,ý65.00,ý78.00,1,0
8.90E+12,ý38.00,1905,ý50.00,13774,Britannia Vitarich Sandwich 400gm,ý38.00,ý48.00,1,0
8.90E+12,ý13.00,1905,ý15.00,13776,Britannia White Bread 200gm,ý13.00,ý15.00,1,0
8.90E+12,ý22.00,1905,ý25.00,13777,Britannia White Bread 250gm,ý22.00,ý25.00,1,0
8.90E+12,ý38.00,1905,ý55.00,13778,Britannia White Bread 500gm,ý38.00,ý53.00,1,0
8.90E+12,ý57.00,1905,ý70.00,13805,Britannia White Bread 800gm,ý57.00,ý68.00,1,0
8.90E+12,ý44.00,1905,ý55.00,13773,Britannia Whole Wheat Bread 400gm,ý44.00,ý53.00,1,0
8.90E+12,ý75.00,1905,ý85.00,14692,Britannia Whole Wheat Crustless Bread 600gm,ý75.00,ý83.00,1,0
8.90E+12,ý31.53,22029930,ý35.00,16414,Britannia Winkin Cow Almond 180ml,ý28.15,ý35.00,1,12
8.90E+12,ý30.97,22029930,ý35.00,16413,Britannia Winkin Cow Choco 180ml,ý27.65,ý35.00,1,12
8.90E+12,ý34.78,22029930,ý40.00,16411,Britannia Winkin Cow Cold Cafe 180ml,ý31.06,ý40.00,1,12
8.90E+12,ý30.97,22029930,ý35.00,16412,Britannia Winkin Cow Vanilliclous 180ml,ý27.65,ý35.00,1,12
8.90E+12,ý1.82,21011120,ý2.00,16817,Bru Instant Coffee 1.1gm,ý1.54,ý2.00,1,18
8.90E+12,ý1.82,21011120,ý2.00,14199,Bru Instant Coffee 1.8gm,ý1.54,ý2.00,1,18
8.90E+12,ý1.82,21011120,ý2.00,11668,Bru Instant Coffee 1.8gms,ý1.54,ý2.00,1,18
8.91E+12,ý1.82,21011120,ý2.00,18461,Bru Instant Coffee 1.8gms,ý1.54,ý2.00,1,18
8.90E+12,ý330.40,21011120,ý370.00,17680,Bru Instant Coffee 100gms,ý280.00,ý350.00,1,18
8.90E+12,ý139.24,21011120,ý150.00,13568,Bru Instant Coffee 18ml,ý118.00,ý145.00,1,18
8.90E+12,ý98.13,21011120,ý105.00,13166,Bru Instant Coffee 25gm,ý83.16,ý103.00,1,18
8.90E+12,ý8.93,21011120,ý10.00,18190,Bru Instant Coffee 6.9gms,ý7.57,ý10.00,1,18
8.90E+12,ý8.93,21011120,ý10.00,11669,Bru Instant Coffee 7gms,ý7.57,ý10.00,1,18
8.90E+12,ý8.93,21011120,ý10.00,17573,Bru Instant Coffee 7gms,ý7.57,ý10.00,1,18
8.90E+12,ý8.93,21011120,ý10.00,16119,Bru Instant Coffee 7gms + 33%,ý7.57,ý10.00,1,18
7.62E+12,ý17.85,18063100,ý20.00,18548,Cadbury 5Star 3D Bar 22gms,ý15.13,ý20.00,1,18
7.62E+12,ý35.72,18063100,ý40.00,12089,Cadbury 5Star 3D Bar 42gms,ý30.27,ý40.00,1,18
7.62E+12,ý4.54,18063100,ý5.00,12079,Cadbury 5Star Bar 10.1gm,ý3.85,ý5.00,1,18
8.90E+12,ý4.54,18063100,ý5.00,17539,Cadbury 5Star Bar 10.1gm,ý3.85,ý5.00,1,18
7.62E+12,ý9.09,18063200,ý10.00,18013,Cadbury 5Star Bar 21gm,ý7.70,ý10.00,1,18
7.62E+12,ý9.09,18063200,ý10.00,12077,Cadbury 5Star Bar 22gm,ý7.70,ý10.00,1,18
7.62E+12,ý9.09,18063200,ý10.00,15554,Cadbury 5Star Bar 22gm,ý7.70,ý10.00,1,18
7.62E+12,ý9.09,18063200,ý10.00,15164,Cadbury 5Star Bar 22gm+20%,ý7.70,ý10.00,1,18
7.62E+12,ý17.85,18063100,ý20.00,17681,Cadbury 5Star Bar 38gms,ý15.13,ý19.00,1,18
7.62E+12,ý17.85,18063100,ý20.00,12120,Cadbury 5Star Bar 40gm,ý15.13,ý20.00,1,18
7.62E+12,ý40.18,18063100,ý45.00,15927,Cadbury 5Star Oreo 42gms,ý34.05,ý45.00,1,18
7.62E+12,ý17.85,18063100,ý20.00,15271,Cadbury 5Star Oreo Bar 22gms,ý15.13,ý20.00,1,18
7.62E+12,ý31.25,18063100,ý35.00,12090,Cadbury 5Star Oreo Bar 42gms,ý26.48,ý33.00,1,18
7.62E+12,ý29.17,19053100,ý35.00,16724,Cadbury Bourn Vita Biscuits 111gm,ý24.72,ý33.00,1,18
7.62E+12,ý29.17,19053100,ý35.00,12116,Cadbury Bourn Vita Biscuits 120gm,ý24.72,ý31.00,1,18
7.62E+12,ý8.33,19053100,ý10.00,16606,Cadbury Bourn Vita Biscuits 37.20gm,ý7.06,ý10.00,1,18
7.62E+12,ý8.33,19053100,ý10.00,12074,Cadbury Bourn Vita Biscuits 41.85gm,ý7.06,ý10.00,1,18
7.62E+12,ý8.33,19053100,ý10.00,14520,Cadbury Bourn Vita Biscuits 41.85gm,ý7.06,ý10.00,1,18
7.62E+12,ý98.21,18063200,ý110.00,15373,Cadbury BournVilla 50% Dark 80gm,ý83.23,ý105.00,1,18
485,ý44.64,18063200,ý50.00,16933,Cadbury BournVilla 70% Rich Cocoa 31gm,ý37.83,ý48.00,1,18
7.62E+12,ý98.21,18063200,ý110.00,15371,Cadbury BournVilla 70% Rich Cocoa 80gm,ý83.23,ý105.00,1,18
7.62E+12,ý98.21,18063200,ý110.00,15372,Cadbury BournVilla Cranberry 80gm,ý83.23,ý105.00,1,18
7.62E+12,ý48.88,18063200,ý55.00,16480,Cadbury BournVilla Fruit & Nut 31gm,ý41.42,ý53.00,1,18
7.62E+12,ý98.21,18063200,ý110.00,15370,Cadbury BournVilla Fruit & Nut 80gm,ý83.23,ý105.00,1,18
7.62E+12,ý98.21,18063200,ý110.00,15374,Cadbury BournVilla Rum & Raisin 80gm,ý83.23,ý105.00,1,18
7.62E+12,ý443.51,19019090,ý479.00,12117,Cadbury BournVita Jar 1kgs,ý375.86,ý465.00,1,18
7.62E+12,ý118.52,19019090,ý128.00,12123,Cadbury BournVita Jar 200gms,ý100.44,ý124.00,1,18
7.62E+12,ý127.78,19019090,ý138.00,18475,Cadbury BournVita Jar 200gms,ý108.29,ý135.00,1,18
7.62E+12,ý226.86,19019090,ý245.00,12119,Cadbury BournVita Jar 500gms,ý192.25,ý239.00,1,18
7.62E+12,ý236.11,19019090,ý255.00,13478,Cadbury BournVita Jar 500gms,ý200.09,ý246.00,1,18
7.62E+12,ý236.11,19019090,ý255.00,16842,Cadbury BournVita Jar 500gms,ý200.09,ý246.00,1,18
7.62E+12,ý221.30,19019090,ý239.00,18042,Cadbury BournVita Jar 500gms + 50GM,ý187.54,ý235.00,1,18
7.62E+12,ý41.67,19019090,ý45.00,15270,Cadbury BournVita Pouch 130gm,ý35.31,ý44.00,1,18
7.62E+12,ý4.63,19019090,ý5.00,12084,Cadbury BournVita Pouch 14.4gms,ý3.92,ý5.00,1,18
7.62E+12,ý409.38,19019090,ý442.00,13477,Cadbury BournVita Pouch 1kg,ý346.93,ý430.00,1,18
7.62E+12,ý212.97,19019090,ý230.00,12086,Cadbury BournVita Pouch 500gm,ý180.48,ý225.00,1,18
7.62E+12,ý221.30,19019090,ý239.00,13262,Cadbury BournVita Pouch 500gm,ý187.54,ý231.00,1,18
7.62E+12,ý236.11,19019090,ý255.00,18547,Cadbury BournVita Pouch 500gm,ý200.09,ý250.00,1,18
7.62E+12,ý27.78,19019090,ý30.00,14066,Cadbury BournVita Pouch 75gm,ý23.54,ý29.00,1,18
7.62E+12,ý27.78,19019090,ý30.00,12085,Cadbury BournVita Pouch 75gms,ý23.54,ý29.00,1,18
7.62E+12,ý343.52,19019090,ý371.00,15268,Cadbury BournVita Pouch 900gm,ý291.12,ý365.00,1,18
7.62E+12,ý49.11,18063200,ý55.00,14785,Cadbury Bournvilla Chocolate 31gm,ý41.62,ý53.00,1,18
7.62E+12,ý90.91,18069090,ý100.00,12080,Cadbury Celebrations 113.8gm,ý77.04,ý96.00,1,18
7.62E+12,ý100.01,18069090,ý110.00,16843,Cadbury Celebrations 126.2gm,ý84.75,ý105.00,1,18
7.62E+12,ý133.93,18069090,ý150.00,12127,Cadbury Celebrations 165.9gm,ý113.50,ý140.00,1,18
7.62E+12,ý142.86,18069090,ý160.00,16844,Cadbury Celebrations 170.5gm,ý121.07,ý150.00,1,18
7.62E+12,ý267.86,18069090,ý300.00,17619,Cadbury Celebrations 186gm,ý227.00,ý290.00,1,18
7.62E+12,ý267.86,18069090,ý300.00,12112,Cadbury Celebrations 232gms,ý227.00,ý282.00,1,18
7.62E+12,ý357.14,18069090,ý400.00,17441,Cadbury Celebrations 268gm,ý302.66,ý375.00,1,18
7.62E+12,ý513.39,18069090,ý575.00,17442,Cadbury Celebrations 339gm`,ý435.08,ý548.00,1,18
7.62E+12,ý45.45,18069090,ý50.00,16848,Cadbury Celebrations 56.2gm,ý38.52,ý48.00,1,18
7.62E+12,ý45.45,18069090,ý50.00,12111,Cadbury Celebrations 59.8gm,ý38.52,ý48.00,1,18
7.62E+12,ý178.57,18069090,ý200.00,12256,Cadbury Celebrations Milk Chocolate 182gm,ý151.33,ý188.00,1,18
7.62E+12,ý223.21,18069090,ý250.00,17312,Cadbury Celebrations Premium Selections 163gm,ý189.16,ý240.00,1,18
7.62E+12,ý513.30,18069090,ý575.00,12255,Cadbury Celebrations Premium Selections 403gms,ý435.00,ý538.96,1,18
7.62E+12,ý173.91,18069020,ý200.00,14561,Cadbury Choclairs Gold 100units,ý147.38,ý185.00,1,18
7.62E+12,ý104.35,18069020,ý120.00,14211,Cadbury Choclairs Gold 60units,ý88.43,ý110.00,1,18
7.62E+12,ý104.35,18069020,ý120.00,17768,Cadbury Choclairs Gold 62units,ý88.43,ý114.00,1,18
7.62E+12,ý44.01,18069020,ý50.00,16725,Cadbury Choclairs Gold Chocolate 130gm,ý37.30,ý48.00,1,18
7.62E+12,ý104.35,18069020,ý120.00,13261,Cadbury Choclairs Gold Chocolate 330gm,ý88.43,ý110.00,1,18
7.62E+12,ý104.35,18069020,ý120.00,15843,Cadbury Choclairs Gold Coffee 60ns,ý88.43,ý110.00,1,18
7.62E+12,ý9.09,19059010,ý10.00,17537,Cadbury Choco Bakers Cake 17gm,ý7.70,ý10.00,1,18
7.62E+12,ý9.09,19059010,ý10.00,15815,Cadbury Choco Bakers Cake 19gm,ý7.70,ý10.00,1,18
7.62E+12,ý9.09,19059010,ý10.00,15817,Cadbury Choco Bakers Cake 19gm,ý7.70,ý10.00,1,18
7.62E+12,ý9.09,19053100,ý10.00,18320,Cadbury Choco Bakes Cookies 18gm,ý7.70,ý10.00,1,18
7.62E+12,ý25.91,19053100,ý30.00,12128,Cadbury Choco Creme Oreo Choco Biscuits 113.75gms,ý21.96,ý30.00,1,18
7.62E+12,ý90.00,19053100,ý99.00,16161,Cadbury Choco Creme Oreo Choco Biscuits 288.75gm,ý76.27,ý95.00,1,18
7.62E+12,ý18.18,19053100,ý20.00,17904,Cadbury Choco Creme Oreo Choco Biscuits 87.5gms,ý15.41,ý20.00,1,18
7.62E+12,ý90.00,19053100,ý99.00,16162,Cadbury Choco Creme Oreo Vanila Biscuits 288.75gm,ý76.27,ý95.00,1,18
7.62E+12,ý63.64,18069010,ý70.00,15926,Cadbury Chocobakes Cakes 19g 6nos Packet,ý53.93,ý67.00,1,18
7.62E+12,ý72.72,19053100,ý80.00,13749,Cadbury Chocobakes Choco Chips Cookies 150gm,ý61.63,ý77.00,1,18
7.62E+12,ý72.72,19053100,ý80.00,15816,Cadbury Chocobakes Choco Chips Cookies 167gm,ý61.63,ý77.00,1,18
7.62E+12,ý9.09,19053100,ý10.00,14067,Cadbury Chocobakes Choco Chips Cookies 20gm,ý7.70,ý10.00,1,18
7.62E+12,ý9.09,19053100,ý10.00,16109,Cadbury Chocobakes Choco Chips Cookies 20gm,ý7.70,ý10.00,1,18
7.62E+12,ý106.20,19053100,ý180.00,17427,Cadbury Chocobakes Choco Chips Cookies 300gm,ý90.00,ý150.00,1,18
7.62E+12,ý36.37,19053100,ý40.00,12082,Cadbury Chocobakes Choco Chips Cookies 83gm,ý30.82,ý39.00,1,18
7.62E+12,ý36.37,19053100,ý40.00,14065,Cadbury Chocobakes Choco Filled Cookies 75gm,ý30.82,ý39.00,1,18
8.90E+12,ý9.09,18063200,ý10.00,12078,Cadbury Dairy Milk Chocolate 13.2gms,ý7.70,ý10.00,1,18
7.62E+12,ý9.09,18063200,ý10.00,16108,Cadbury Dairy Milk Chocolate 13.2gms,ý7.70,ý10.00,1,18
7.62E+12,ý9.09,18063200,ý10.00,17505,Cadbury Dairy Milk Chocolate 13.2gms,ý7.70,ý10.00,1,18
7.62E+12,ý17.85,18063200,ý20.00,12118,Cadbury Dairy Milk Chocolate 24gms,ý15.13,ý20.00,1,18
7.62E+12,ý17.85,18063200,ý20.00,15412,Cadbury Dairy Milk Chocolate 24gms,ý15.13,ý20.00,1,18
7.62E+12,ý35.72,18063200,ý40.00,17644,Cadbury Dairy Milk Chocolate 46gms,ý30.27,ý38.00,1,18
7.62E+12,ý35.72,18063200,ý40.00,12092,Cadbury Dairy Milk Chocolate 48gms,ý30.27,ý38.00,1,18
7.62E+12,ý35.72,18063200,ý40.00,15434,Cadbury Dairy Milk Chocolate 48gms,ý30.27,ý38.00,1,18
8.90E+12,ý4.54,18063200,ý5.00,12122,Cadbury Dairy Milk Chocolate 6.6gms,ý3.85,ý5.00,1,18
7.62E+12,ý4.54,18063200,ý5.00,17444,Cadbury Dairy Milk Chocolate 6.6gms,ý3.85,ý5.00,1,18
7.62E+12,ý89.29,18063200,ý100.00,12109,Cadbury Dairy Milk Chocolate Family Pack 123gms,ý75.67,ý94.00,1,18
7.62E+12,ý40.18,18063200,ý45.00,17769,Cadbury Dairy Milk Cookie Crumble Chocolate 36gms,ý34.05,ý44.00,1,18
7.62E+12,ý44.64,18063200,ý50.00,12101,Cadbury Dairy Milk Crackle Chocolate 36gms,ý37.83,ý48.00,1,18
7.62E+12,ý80.36,18063200,ý90.00,17902,Cadbury Dairy Milk Crackle Chocolate 75gms,ý68.10,ý87.00,1,18
7.62E+12,ý35.72,18063200,ý40.00,14928,Cadbury Dairy Milk Crispello Chocolate 35gms,ý30.27,ý39.00,1,18
7.62E+12,ý9.09,18063200,ý10.00,14210,Cadbury Dairy Milk Crispello Chocolate 6.6gms,ý7.70,ý10.00,1,18
3.87E+17,ý45.00,19059090,ý65.00,18270,Calid's Food Methi Khakhara 200gm,ý42.86,ý55.00,1,5
3.87E+17,ý45.00,19059090,ý65.00,18268,Calid's Food Peri Peri Khakhara 200gm,ý42.86,ý55.00,1,5
8.91E+12,ý45.00,19059090,ý65.00,18274,Calid's Food Plain Bhakhari 180gm,ý42.86,ý55.00,1,5
3.87E+17,ý45.00,19059090,ý65.00,18272,Calid's Food Plain Khakhara 200gm,ý42.86,ý55.00,1,5
8.91E+12,ý45.00,19059090,ý70.00,18276,Calid's Food Ragi Bhakhari 180gm,ý42.86,ý65.00,1,5
8.90E+12,ý100.00,96092000,ý120.00,13384,Camel Oil Pastels 25-Colors,ý89.29,ý105.00,1,12
8.90E+12,ý50.00,96099090,ý60.00,13386,Camel Plastic Crayons 13 Shades,ý44.64,ý52.00,1,12
8.90E+12,ý100.01,32131000,ý120.00,13383,Camel Poster Colours 12 Shades,ý84.75,ý105.00,1,18
8.90E+12,ý80.00,32131000,ý100.00,13382,Camel Poster Colours 6 Shades,ý67.80,ý84.00,1,18
8.90E+12,ý12.00,96099090,ý15.00,13120,Camel Wax Crayons 12Shades,ý10.71,ý14.00,1,12
3.87E+16,ý8.00,96081011,ý10.00,13387,Camlin CD DVD Marker Pen Blue 1Nos,ý6.78,ý10.00,1,18
8.90E+12,ý170.00,48161000,ý220.00,13389,Camlin Carbon Paper,ý144.07,ý190.00,1,18
8.90E+12,ý55.00,96099090,ý65.00,13047,Camlin Colour Pencils B 12shades,ý49.11,ý59.00,1,12
8.90E+12,ý29.00,96099090,ý35.00,13048,Camlin Colour Pencils S 12shades,ý25.89,ý32.00,1,12
8.90E+12,ý20.00,96081011,ý25.00,13060,Camlin Correction Pen 1nos,ý16.95,ý22.00,1,18
8.90E+12,ý40.00,48201010,ý50.00,13122,Camlin Drawing Book 36-Pages,ý35.71,ý45.00,1,12
3.87E+16,ý8.00,96081011,ý10.00,13388,Camlin Fine Tip Permanent Marker Red,ý6.78,ý10.00,1,18
3.87E+15,ý20.00,96082000,ý25.00,13131,Camlin Highlighter 1Nos,ý16.95,ý21.00,1,18
8.90E+12,ý3.80,90172090,ý5.00,13124,Camlin Scale 15cm 1Nos,ý3.22,ý4.00,1,18
8.90E+12,ý7.80,90172090,ý12.00,13123,Camlin Scale 30cm 1Nos,ý6.61,ý10.00,1,18
8.90E+12,ý25.00,96081011,ý30.00,13062,Camlin Sketch Pens 12Shades,ý21.19,ý28.00,1,18
8.90E+12,ý64.99,96081011,ý75.00,13064,Camlin Sketch Pens 24Shades,ý55.08,ý70.00,1,18
8.90E+12,ý7.80,35061000,ý10.00,13065,Camlin White Glue 22.5gm,ý6.61,ý10.00,1,18
8.90E+12,ý8.40,3506,ý10.00,12214,Camlin White Glue 22.5gms,ý8.00,ý10.00,1,5
3.87E+14,ý5.00,9017,ý0.00,12703,Camnil Exam Scale 15cm 1Nos,ý5.00,ý5.00,1,0
8.90E+12,ý7.62,22021010,ý10.00,14683,Campa Cola 200ml,ý5.95,ý10.00,1,28
8.90E+12,ý7.62,22021010,ý10.00,14684,Campa Lemon 200ml,ý5.95,ý10.00,1,28
8.90E+12,ý7.62,22021010,ý10.00,14685,Campa Orange 200ml,ý5.95,ý10.00,1,28
101,ý0.89,18069020,ý1.00,14921,Candyman Choco Double Eclairs 1Nos,ý0.75,ý1.00,1,18
8.90E+12,ý251.32,18069020,ý250.00,11671,Candyman Choco Double Eclairs 875gm Jar + 385gm Pouch,ý212.98,ý245.00,1,18
8.90E+12,ý47.20,18069020,ý50.00,17918,Candyman Choco Double Eclairs Pouch 240gm,ý40.00,ý47.00,1,18
8.90E+12,ý88.50,18069020,ý110.00,11672,Candyman Choco Double Eclairs Pouch 385gm,ý75.00,ý100.00,1,18
8.90E+12,ý4.62,19053290,ý5.00,14306,Candyman Fantastik 10gm,ý3.91,ý5.00,1,18
8.90E+12,ý45.69,19053290,ý100.00,17710,Candyman Fantastik 22 Sticks,ý38.72,ý50.00,1,18
8.90E+12,ý137.94,18069020,ý150.00,17331,Candyman FruiteeFun Jar 750gm,ý123.16,ý145.00,1,12
8.91E+12,ý4.57,17049020,ý5.00,16869,Candyman Sour Jelly 10gm,ý4.08,ý5.00,1,12
8.90E+12,ý4.59,180690,ý5.00,17352,Candyman Tadka Soft Masala Candy 10gm,ý4.10,ý5.00,1,12
8.91E+12,ý182.07,17049020,ý200.00,18415,Candyman Tadka Tangy Pops 200nos,ý162.56,ý195.00,1,12
8.90E+12,ý100.01,39261019,ý135.00,13539,Car Shaped Compass Box,ý84.75,ý110.00,1,18
3.87E+15,ý110.88,3923,ý120.00,11514,Car Universal Holder,ý99.00,ý99.00,1,12
8.90E+12,ý165.18,34013090,ý185.00,15630,Clean & Clear Lemon Fresh Face Wash 100ml,ý139.98,ý175.00,1,18
8.90E+12,ý89.29,34013090,ý100.00,15631,Clean & Clear Lemon Fresh Face Wash 50ml,ý75.67,ý95.00,1,18
8.90E+12,ý92.04,34013090,ý105.00,18308,Clean & Clear Vitamin-C Face Wash 50ml,ý78.00,ý100.00,1,18
5.01E+12,ý246.40,3402901,ý225.00,11368,Clean Power Liquid Detergent ltr,ý220.00,ý220.00,1,12
8.90E+12,ý54.55,33059011,ý60.00,11681,Clear Active Care Hair Oil 75ml,ý46.23,ý57.00,1,18
3.87E+15,ý134.40,3923,ý147.00,11635,Clear Pet Plastic Container Pack of 3,ý120.00,ý120.00,1,12
3.87E+15,ý3.95,2201,ý5.00,13717,Clearth Water Bottol 200ml,ý3.35,ý5.00,1,18
8.90E+12,ý0.80,33051090,ý1.00,11677,Clinic Plus Health Shampoo Strength & Thick 5.5ml,ý0.68,ý1.00,1,18
8.90E+12,ý104.55,33051090,ý115.00,14709,Clinic Plus Strength & Shine Egg Protein Shampoo 175ml,ý88.60,ý110.00,1,18
8.90E+12,ý123.64,33051090,ý136.00,16515,Clinic Plus Strength & Shine Egg Protein Shampoo 175ml,ý104.78,ý130.00,1,18
8.90E+12,ý0.80,33051090,ý1.00,1996,Clinic Plus Strength & Shine Egg Protein Shampoo 6ml,ý0.68,ý1.00,1,18
8.90E+12,ý51.81,33051090,ý57.00,15506,Clinic Plus Strength & Shine Egg Protein Shampoo 80ml,ý43.91,ý55.00,1,18
8.90E+12,ý135.45,33051090,ý149.00,1947,Clinic Plus Strong & Long Anti Dandruff Shampoo 175ml,ý114.79,ý145.00,1,18
8.90E+12,ý268.18,33051090,ý295.00,15102,Clinic Plus Strong & Long Anti Dandruff Shampoo 355ml,ý227.27,ý288.00,1,18
8.90E+12,ý600.01,33051090,ý179.00,15101,Clinic Plus Strong & Long Anti Dandruff Shampoo 650ml,ý508.48,ý650.00,1,18
8.90E+12,ý207.20,33051090,ý230.00,1950,"Clinic Plus Strong & Long Multi Protein, Multi Vitamin Shampoo 355ml",ý185.00,ý220.00,1,12
8.90E+12,ý0.80,33051090,ý1.00,16419,"Clinic Plus Strong & Long Multi Protein, Multi Vitamin Shampoo 6ml",ý0.68,ý1.00,1,18
8.90E+12,ý18.18,33051090,ý20.00,14996,Clinic Plus Strong & Long Shampoo 50ml,ý15.41,ý20.00,1,18
8.90E+12,ý56.37,33051090,ý62.00,14200,Clinic Plus Strong & Long Shampoo 80ml,ý47.77,ý60.00,1,18
8.90E+12,ý107.27,33061020,ý118.00,11361,Close Up Everfresh ++ Toothpaste 150gms,ý90.91,ý115.00,1,18
8.90E+12,ý118.18,33061020,ý130.00,16328,Closeup Ever Fresh Toothpaste 150 gms,ý100.15,ý125.00,1,18
8.90E+12,ý118.18,33061020,ý130.00,16830,Closeup Ever Fresh Toothpaste 150 gms,ý100.15,ý118.00,1,18
8.90E+12,ý110.00,33061020,ý130.00,18183,Closeup Ever Fresh Toothpaste 150 gms,ý93.22,ý124.00,1,18
8.90E+12,ý113.63,33061020,ý125.00,15798,Closeup Ever Fresh Toothpaste 150gms,ý96.30,ý120.00,1,18
8.90E+12,ý218.18,33061020,ý240.00,2048,Closeup Ever Fresh Toothpaste 150gms+150gms,ý184.90,ý228.00,1,18
8.90E+12,ý218.18,33061020,ý240.00,15543,Closeup Ever Fresh Toothpaste 150gms+150gms,ý184.90,ý228.00,1,18
8.90E+12,ý9.44,33061020,ý10.00,16820,Closeup Ever Fresh Toothpaste 20gm,ý8.00,ý10.00,1,18
8.90E+12,ý9.44,33061020,ý10.00,16835,Closeup Ever Fresh Toothpaste 20gm,ý8.00,ý10.00,1,18
8.90E+12,ý18.18,33061020,ý20.00,16802,Closeup Ever Fresh Toothpaste 42gm,ý15.41,ý19.00,1,18
8.91E+12,ý18.18,33061020,ý20.00,18430,Closeup Ever Fresh Toothpaste 42gm,ý15.41,ý19.00,1,18
8.90E+12,ý18.18,33061020,ý20.00,13169,Closeup Ever Fresh Toothpaste 43gm,ý15.41,ý19.00,1,18
8.90E+12,ý18.18,33061020,ý20.00,15732,Closeup Ever Fresh Toothpaste 43gm+25%,ý15.41,ý19.00,1,18
8.90E+12,ý56.37,33061020,ý62.00,11685,Closeup Ever Fresh Toothpaste 80gm,ý47.77,ý60.00,1,18
8.91E+12,ý64.99,33061020,ý80.00,18182,Closeup Ever Fresh Toothpaste 80gm,ý55.08,ý75.00,1,18
8.90E+12,ý58.19,33061020,ý64.00,14706,Closeup Ever Fresh Toothpaste 90gm,ý49.31,ý62.00,1,18
8.90E+12,ý60.91,33061020,ý67.00,16803,Closeup Ever Fresh Toothpaste 90gm,ý51.62,ý65.00,1,18
8.90E+12,ý58.19,33061020,ý68.00,16823,Closeup Ever Fresh Toothpaste 90gm,ý49.31,ý64.00,1,18
8.90E+12,ý60.91,33061020,ý67.00,17465,Closeup Ever Fresh Toothpaste 90gm,ý51.62,ý65.00,1,18
3.87E+13,ý1.12,10051000,ý0.00,15818,Cloth,ý1.00,ý1.07,1,12
3.87E+15,ý112.00,3923,ý410.00,11529,Coastal Kitchenware Multi Dining Stand 4in1,ý100.00,ý100.00,1,12
8.90E+12,ý46.08,22021010,ý55.00,15660,Coca Cola 1ltr,ý36.00,ý53.00,1,28
8.90E+12,ý16.65,22021010,ý20.00,14491,Coca-cola 250ml,ý13.01,ý20.00,1,28
8.90E+12,ý33.60,22021010,ý40.00,15958,Coca-cola Coke 750ml,ý26.25,ý40.00,1,28
3.87E+11,ý95.00,8011100,ý150.00,17824,Coconut Chhin 500gm,ý90.48,ý140.00,1,5
2.02E+13,ý160.00,8011100,ý350.00,12193,Coconut Powder 1kg,ý152.38,ý310.00,1,5
3.87E+15,ý40.00,8011100,ý105.00,13980,Coconut Powder 250gm,ý38.10,ý90.00,1,5
3.87E+15,ý95.00,8011100,ý180.00,13979,Coconut Powder 500gm,ý90.48,ý165.00,1,5
8.91E+12,ý252.00,330300,ý225.00,11356,Coddra - Apparel Perfume 100ml,ý225.00,ý225.00,1,12
8.90E+12,ý32.46,22021010,ý40.00,15961,Coke Can 300ml,ý25.36,ý38.00,1,28
8.90E+12,ý80.00,33061020,ý88.00,13635,Colgate Active Salt Lemon Toothpaste 100gm,ý67.80,ý86.00,1,18
8.90E+12,ý80.00,33061020,ý88.00,13633,Colgate Active Salt Neem Toothpaste 100gm,ý67.80,ý84.00,1,18
8.90E+12,ý69.09,33061020,ý76.00,13636,Colgate Active Salt Toothpaste 100gm,ý58.55,ý72.00,1,18
8.90E+12,ý70.92,33061020,ý78.00,17729,Colgate Active Salt Toothpaste 100gm + 15%extra,ý60.10,ý76.00,1,18
8.90E+12,ý124.55,33061020,ý137.00,15257,Colgate Active Salt Toothpaste 200gm,ý105.55,ý131.00,1,18
8.90E+12,ý11.57,9603,ý20.00,17272,Colgate Brush 20Rs,ý9.81,ý20.00,1,18
8.90E+12,ý133.64,33061020,ý147.00,14513,Colgate Bubble Fruit Flavour Batman Toothpaste 80gm,ý113.25,ý145.00,1,18
8.90E+12,ý86.36,33061020,ý95.00,14515,Colgate Bubble Fruit Flavour Toothpaste 40gm,ý73.18,ý92.00,1,18
8.90E+12,ý63.64,33061020,ý70.00,17485,Colgate Cibaca 175gm,ý53.93,ý68.00,1,18
8.90E+12,ý117.27,33061020,ý129.00,13637,Colgate Cibaca 350gm,ý99.38,ý124.00,1,18
8.90E+12,ý27.28,33061020,ý30.00,18201,Colgate Cibaca 65gm,ý23.12,ý30.00,1,18
8.90E+12,ý66.35,33061020,ý73.00,16643,Colgate Dental Cream 100+15gm,ý56.23,ý70.00,1,18
8.90E+12,ý62.73,33061020,ý69.00,13648,Colgate Dental Cream 100gm,ý53.16,ý66.00,1,18
8.90E+12,ý80.91,33061020,ý91.00,14974,Colgate Dental Cream 150gm+1tb Free,ý68.57,ý87.00,1,18
8.90E+12,ý9.09,33061020,ý10.00,14975,Colgate Dental Cream 16gm,ý7.70,ý10.00,1,18
8.90E+12,ý16.66,33074100,ý20.00,12381,Cycle Sugandha Mallika Agarbathi 28gm,ý15.87,ý18.00,1,5
8.90E+12,ý41.66,33074100,ý55.00,14470,Cycle Sugandha Mallika Agarbathi 95gm,ý39.68,ý48.00,1,5
8.90E+12,ý15.82,33074100,ý30.00,13525,Cycle Sweet & Exotic Deluxe Dhoop 20nos,ý15.07,ý25.00,1,5
8.90E+12,ý49.99,33074100,ý60.00,12395,Cycle The Blu Agarbathi 135gm,ý47.61,ý55.00,1,5
8.90E+12,ý135.00,33074100,ý150.00,17800,Cycle Wood Agarbatti 40nos,ý128.57,ý145.00,1,5
8.90E+12,ý21.24,34029092,ý25.00,14693,D-Klog Drain Cleaner 40gm,ý18.00,ý24.00,1,18
